time,gFx,gFy,gFz,gFTotal
0.0015711784362792969,0.055,-0.193,-1.001,1.021
0.001705169677734375,0.055,-0.193,-1.001,1.021
0.0018181800842285156,0.055,-0.193,-1.001,1.021
0.004456996917724609,0.046,-0.222,-0.907,0.935
0.01468515396118164,0.046,-0.253,-0.838,0.877
0.025114059448242188,0.063,-0.269,-0.801,0.847
0.0350799560546875,0.096,-0.27,-0.794,0.844
0.04523205757141113,0.135,-0.281,-0.818,0.875
0.055830955505371094,0.164,-0.289,-0.872,0.933
0.06582999229431152,0.198,-0.271,-0.943,1.001
0.09942197799682617,0.301,-0.171,-0.346,0.489
0.09956121444702148,0.301,-0.171,-0.346,0.489
0.09967207908630371,0.301,-0.171,-0.346,0.489
0.10500502586364746,0.271,-0.159,-0.652,0.724
0.1152801513671875,0.174,-0.123,-1.313,1.33
0.1253352165222168,0.157,-0.057,-1.179,1.191
0.1353750228881836,0.181,-0.007,-1.205,1.219
0.14626002311706543,0.18,0.02,-1.183,1.197
0.15591192245483398,0.223,-0.023,-1.317,1.336
0.16619205474853516,0.201,-0.082,-0.966,0.99
0.19926214218139648,0.058,-0.134,-0.627,0.644
0.19939708709716797,0.058,-0.134,-0.627,0.644
0.1995391845703125,0.058,-0.134,-0.627,0.644
0.20540904998779297,0.075,-0.137,-0.738,0.754
0.21564912796020508,0.129,-0.137,-0.762,0.785
0.2256150245666504,0.193,-0.094,-0.724,0.755
0.23574590682983398,0.243,-0.028,-0.687,0.729
0.246474027633667,0.21,0.019,-0.775,0.803
0.2563209533691406,0.17,0.062,-0.764,0.785
0.2666480541229248,0.165,0.026,-0.584,0.607
0.2787809371948242,0.174,-0.042,-0.495,0.526
0.3035399913787842,0.254,-0.094,-0.636,0.691
0.3036770820617676,0.254,-0.094,-0.636,0.691
0.3056349754333496,0.226,-0.069,-0.661,0.702
0.3160409927368164,0.201,-0.024,-0.58,0.614
0.32607316970825195,0.155,-0.003,-0.438,0.465
0.33615899085998535,0.135,0.004,-0.353,0.378
0.3462240695953369,0.169,0.004,-0.459,0.489
0.3568720817565918,0.213,-0.005,-0.648,0.682
0.3667590618133545,0.288,-0.014,-0.732,0.787
0.3791542053222656,0.464,-0.011,-0.78,0.908
0.4014301300048828,0.622,-0.078,-0.98,1.163
0.4015622138977051,0.622,-0.078,-0.98,1.163
0.40592098236083984,0.674,0.058,-0.977,1.188
0.4175529479980469,0.687,0.211,-0.888,1.142
0.42643117904663086,0.614,0.181,-0.859,1.071
0.43637609481811523,0.526,0.045,-0.812,0.969
0.447141170501709,0.523,-0.01,-0.844,0.993
0.4570150375366211,0.738,0.105,-0.952,1.209
0.4673151969909668,0.856,0.184,-0.934,1.28
0.5015568733215332,1.139,0.05,-1.097,1.582
0.5017471313476562,1.139,0.05,-1.097,1.582
0.5019049644470215,1.139,0.05,-1.097,1.582
0.5065221786499023,1.249,0.037,-1.137,1.689
0.5167720317840576,1.278,0.062,-0.989,1.617
0.5267901420593262,1.26,0.036,-0.765,1.474
0.5368099212646484,1.257,-0.012,-0.616,1.4
0.5475101470947266,1.284,-0.053,-0.606,1.421
0.5574970245361328,1.374,-0.097,-0.746,1.566
0.5677990913391113,1.432,-0.142,-0.861,1.677
0.6024131774902344,1.32,-0.087,-0.502,1.415
0.602607011795044,1.32,-0.087,-0.502,1.415
0.6027641296386719,1.32,-0.087,-0.502,1.415
0.6071500778198242,1.254,-0.052,-0.318,1.295
0.6169939041137695,1.197,-0.051,-0.199,1.215
0.6271040439605713,1.138,-0.046,-0.1,1.143
0.637728214263916,1.061,-0.005,-0.021,1.061
0.6477451324462891,0.999,0.054,-0.001,1.0
0.657771110534668,0.989,0.098,-0.035,0.994
0.6677770614624023,1.028,0.1,-0.113,1.039
0.7002151012420654,1.21,-0.186,-0.396,1.287
0.7004032135009766,1.21,-0.186,-0.396,1.287
0.7005620002746582,1.21,-0.186,-0.396,1.287
0.7076301574707031,1.18,-0.268,-0.322,1.252
0.7174901962280273,1.124,-0.304,-0.217,1.184
0.727546215057373,1.069,-0.303,-0.134,1.119
0.738375186920166,1.063,-0.3,-0.088,1.108
0.7483201026916504,1.117,-0.311,-0.093,1.163
0.7580530643463135,1.163,-0.333,-0.116,1.215
0.768563985824585,1.162,-0.335,-0.092,1.213
0.8032550811767578,1.091,-0.292,0.031,1.13
0.8034529685974121,1.091,-0.292,0.031,1.13
0.8036251068115234,1.091,-0.292,0.031,1.13
0.8076529502868652,1.109,-0.259,0.068,1.141
0.8181180953979492,1.1,-0.254,0.08,1.132
0.8279170989990234,1.057,-0.231,0.187,1.098
0.8387830257415771,0.999,-0.188,0.381,1.086
0.8484621047973633,0.91,-0.124,0.536,1.063
0.858457088470459,0.803,-0.055,0.566,0.984
0.8689830303192139,0.774,0.021,0.479,0.91
0.9033279418945312,0.839,0.275,0.164,0.898
0.9035201072692871,0.839,0.275,0.164,0.898
0.9036779403686523,0.839,0.275,0.164,0.898
0.9080309867858887,0.862,0.276,0.134,0.915
0.9185750484466553,0.881,0.286,0.124,0.935
0.9282240867614746,0.894,0.28,0.127,0.945
0.9387450218200684,0.903,0.262,0.181,0.958
0.9487800598144531,0.868,0.312,0.297,0.969
0.9586920738220215,0.843,0.49,0.213,0.998
0.9693899154663086,0.867,0.644,0.027,1.08
1.0030109882354736,0.795,0.585,-0.232,1.014
1.0031981468200684,0.795,0.585,-0.232,1.014
1.0033550262451172,0.795,0.585,-0.232,1.014
1.0083770751953125,0.416,0.415,-0.105,0.597
1.018860101699829,0.427,0.22,0.472,0.673
1.0285649299621582,0.712,0.011,0.417,0.825
1.0393619537353516,0.99,-0.042,0.146,1.002
1.049109935760498,1.141,-0.009,-0.083,1.144
1.0588898658752441,1.227,0.007,-0.364,1.28
1.0698440074920654,1.24,0.128,-0.571,1.371
1.104949951171875,1.039,0.661,0.008,1.231
1.1051368713378906,1.039,0.661,0.008,1.231
1.105295181274414,1.039,0.661,0.008,1.231
1.1087498664855957,0.991,0.693,0.464,1.295
1.1192469596862793,1.002,0.604,0.764,1.397
1.129025936126709,1.046,0.432,0.752,1.359
1.1396150588989258,1.053,0.255,0.667,1.272
1.1494879722595215,1.053,0.208,0.574,1.217
1.1590220928192139,1.053,0.226,0.529,1.2
1.1701340675354004,1.005,0.254,0.431,1.123
1.2041831016540527,0.976,0.16,0.082,0.992
1.2043700218200684,0.976,0.16,0.082,0.992
1.204535961151123,0.976,0.16,0.082,0.992
1.2091240882873535,0.97,0.177,0.047,0.987
1.2197599411010742,0.879,0.232,-0.052,0.911
1.2293100357055664,0.796,0.388,-0.046,0.887
1.24003005027771,0.721,0.582,0.023,0.927
1.2498631477355957,0.596,0.822,0.101,1.02
1.2597770690917969,0.427,1.093,0.17,1.186
1.2702679634094238,0.258,1.282,0.15,1.316
1.3058018684387207,-0.079,1.683,0.01,1.685
1.305988073348999,-0.079,1.683,0.01,1.685
1.306145191192627,-0.079,1.683,0.01,1.685
1.3095979690551758,-0.117,1.521,-0.107,1.529
1.3199210166931152,-0.031,1.293,-0.477,1.379
1.3300251960754395,0.059,1.027,-0.662,1.223
1.3403849601745605,0.101,0.831,-0.499,0.975
1.350471019744873,0.147,0.807,-0.36,0.896
1.3599638938903809,0.162,0.898,-0.161,0.927
1.370591163635254,0.15,0.932,-0.106,0.95
1.4043900966644287,0.269,0.8,-0.044,0.845
1.4045791625976562,0.269,0.8,-0.044,0.845
1.4047420024871826,0.269,0.8,-0.044,0.845
1.4099059104919434,0.227,0.856,0.165,0.901
1.4200880527496338,0.117,0.949,0.441,1.053
1.4303979873657227,0.023,1.043,0.6,1.203
1.4406850337982178,-0.049,1.099,0.599,1.253
1.45066499710083,-0.103,1.088,0.444,1.18
1.4603910446166992,-0.136,1.034,0.189,1.06
1.471024990081787,-0.155,0.964,-0.048,0.978
1.506986141204834,-0.203,0.827,-0.019,0.852
1.5071930885314941,-0.203,0.827,-0.019,0.852
1.5073530673980713,-0.203,0.827,-0.019,0.852
1.5103201866149902,-0.158,0.846,0.243,0.894
1.52052903175354,-0.104,0.832,0.42,0.938
1.5304780006408691,-0.059,0.791,0.369,0.875
1.5413908958435059,-0.038,0.705,0.127,0.717
1.551119089126587,-0.026,0.649,0.068,0.653
1.561218023300171,-0.051,0.803,0.441,0.918
1.5712890625,-0.058,0.988,0.646,1.182
1.606661081314087,-0.138,1.305,0.088,1.315
1.6068480014801025,-0.138,1.305,0.088,1.315
1.6070070266723633,-0.138,1.305,0.088,1.315
1.6106572151184082,-0.161,1.277,-0.142,1.295
1.6207590103149414,-0.188,1.174,-0.314,1.23
1.63087797164917,-0.178,1.069,-0.371,1.145
1.6416821479797363,-0.138,0.998,-0.372,1.074
1.6516079902648926,-0.13,0.986,-0.322,1.045
1.6631031036376953,-0.157,1.03,-0.128,1.05
1.6716241836547852,-0.214,1.107,0.209,1.147
1.7063610553741455,-0.26,1.211,0.328,1.281
1.706550121307373,-0.26,1.211,0.328,1.281
1.7067079544067383,-0.26,1.211,0.328,1.281
1.7111070156097412,-0.201,1.122,0.17,1.152
1.7214431762695312,-0.154,1.037,0.11,1.054
1.7313179969787598,-0.075,0.992,0.103,1.0
1.7414600849151611,-0.05,1.004,0.149,1.016
1.7520880699157715,-0.068,1.052,0.245,1.082
1.7619190216064453,-0.081,1.05,0.241,1.08
1.7720088958740234,-0.096,1.027,0.154,1.043
1.8069310188293457,-0.067,1.023,-0.053,1.027
1.8071188926696777,-0.067,1.023,-0.053,1.027
1.8072772026062012,-0.067,1.023,-0.053,1.027
1.811312198638916,-0.048,1.001,-0.11,1.008
1.821537971496582,-0.042,0.976,-0.108,0.983
1.8316349983215332,-0.049,0.958,-0.099,0.964
1.841723918914795,-0.074,0.957,-0.088,0.964
1.8523120880126953,-0.108,0.99,-0.083,0.999
1.862220048904419,-0.153,1.065,-0.094,1.08
1.872169017791748,-0.212,1.191,-0.104,1.214
1.8847861289978027,-0.283,1.309,-0.105,1.343
1.9075400829315186,-0.372,1.424,-0.151,1.48
1.90767502784729,-0.372,1.424,-0.151,1.48
1.911607027053833,-0.421,1.487,-0.136,1.551
1.9221501350402832,-0.474,1.543,-0.064,1.615
1.9319839477539062,-0.482,1.532,0.095,1.609
1.9425339698791504,-0.452,1.429,0.277,1.524
1.9526970386505127,-0.383,1.266,0.428,1.39
1.9627599716186523,-0.305,1.117,0.478,1.253
1.9726200103759766,-0.215,1.005,0.448,1.121
2.0038180351257324,-0.008,0.816,0.263,0.857
2.0039520263671875,-0.008,0.816,0.263,0.857
2.004063129425049,-0.008,0.816,0.263,0.857
2.0122530460357666,0.034,0.759,0.203,0.786
2.0223300457000732,0.055,0.729,0.155,0.747
2.0323400497436523,0.058,0.735,0.114,0.746
2.042267084121704,0.055,0.757,0.079,0.763
2.0533299446105957,0.049,0.791,0.051,0.794
2.0630359649658203,0.044,0.819,0.013,0.82
2.0727949142456055,0.049,0.829,-0.018,0.831
2.1078100204467773,0.06,0.766,-0.104,0.775
2.107999086380005,0.06,0.766,-0.104,0.775
2.108157157897949,0.06,0.766,-0.104,0.775
2.112389087677002,0.055,0.71,-0.114,0.721
2.1227378845214844,0.052,0.653,-0.112,0.665
2.1328320503234863,0.02,0.621,-0.089,0.628
2.142712116241455,-0.025,0.612,-0.045,0.614
2.1536998748779297,-0.059,0.612,0.019,0.615
2.163336992263794,-0.086,0.629,0.099,0.643
2.173369884490967,-0.099,0.673,0.182,0.704
2.208444118499756,-0.121,1.079,0.521,1.204
2.2086329460144043,-0.121,1.079,0.521,1.204
2.2087879180908203,-0.121,1.079,0.521,1.204
2.2127840518951416,-0.13,1.314,0.852,1.571
2.223112106323242,-0.119,1.501,1.027,1.823
2.2332491874694824,-0.075,1.571,0.923,1.824
2.243177890777588,0.012,1.501,0.676,1.646
2.2541298866271973,0.112,1.337,0.44,1.412
2.2637250423431396,0.195,1.165,0.299,1.218
2.273483991622925,0.238,0.998,0.221,1.05
2.3081531524658203,0.144,0.72,0.037,0.735
2.3083410263061523,0.144,0.72,0.037,0.735
2.3085010051727295,0.144,0.72,0.037,0.735
2.313185214996338,0.094,0.82,0.051,0.827
2.3235280513763428,0.03,1.017,0.108,1.023
2.3335928916931152,-0.102,1.217,0.021,1.221
2.3435568809509277,-0.197,1.316,-0.089,1.334
2.354133129119873,-0.185,1.316,-0.041,1.33
2.3643269538879395,-0.114,1.219,0.047,1.225
2.374000072479248,-0.046,1.118,0.116,1.125
2.4104220867156982,-0.026,1.078,0.118,1.085
2.4106101989746094,-0.026,1.078,0.118,1.085
2.4107680320739746,-0.026,1.078,0.118,1.085
2.4140329360961914,-0.061,1.14,0.085,1.145
2.423664093017578,-0.082,1.163,-0.03,1.166
2.4339630603790283,-0.101,1.154,-0.111,1.164
2.444714069366455,-0.116,1.105,-0.166,1.123
2.454378128051758,-0.12,1.042,-0.211,1.07
2.4645450115203857,-0.122,0.98,-0.224,1.013
2.474614143371582,-0.126,0.929,-0.216,0.962
2.5081450939178467,-0.151,0.843,-0.254,0.893
2.5083370208740234,-0.151,0.843,-0.254,0.893
2.508502960205078,-0.151,0.843,-0.254,0.893
2.5144290924072266,-0.163,0.822,-0.282,0.884
2.524075984954834,-0.169,0.822,-0.305,0.893
2.534271001815796,-0.175,0.835,-0.305,0.906
2.544189929962158,-0.179,0.86,-0.271,0.919
2.5550529956817627,-0.188,0.89,-0.23,0.938
2.5650410652160645,-0.201,0.909,-0.234,0.96
2.574537992477417,-0.222,0.919,-0.255,0.979
2.611236095428467,-0.302,1.042,-0.129,1.093
2.611427068710327,-0.302,1.042,-0.129,1.093
2.611586093902588,-0.302,1.042,-0.129,1.093
2.6147000789642334,-0.319,1.063,-0.045,1.111
2.624563217163086,-0.312,1.045,0.034,1.091
2.634614944458008,-0.286,0.991,0.07,1.034
2.6452059745788574,-0.255,0.935,0.058,0.971
2.655236005783081,-0.221,0.902,0.017,0.929
2.665098190307617,-0.179,0.88,-0.03,0.899
2.674948215484619,-0.128,0.86,-0.072,0.872
2.710874080657959,0.037,0.865,-0.111,0.873
2.711061954498291,0.037,0.865,-0.111,0.873
2.711219072341919,0.037,0.865,-0.111,0.873
2.7150909900665283,0.08,0.862,-0.108,0.872
2.725109100341797,0.12,0.866,-0.103,0.88
2.734951972961426,0.148,0.887,-0.098,0.905
2.7456178665161133,0.161,0.913,-0.112,0.934
2.755424976348877,0.159,0.942,-0.1,0.961
2.765683174133301,0.161,0.992,-0.061,1.007
2.7753729820251465,0.158,1.031,-0.029,1.043
2.8100500106811523,0.17,1.036,0.049,1.051
2.8102409839630127,0.17,1.036,0.049,1.051
2.8104000091552734,0.17,1.036,0.049,1.051
2.815281867980957,0.193,1.03,0.068,1.05
2.8255319595336914,0.239,1.037,0.093,1.068
2.8355369567871094,0.306,1.06,0.129,1.111
2.845302104949951,0.355,1.081,0.134,1.146
2.8560709953308105,0.386,1.098,0.125,1.171
2.865854024887085,0.43,1.128,0.119,1.213
2.8760690689086914,0.479,1.144,0.125,1.247
2.910445213317871,0.49,0.959,0.087,1.08
2.9105780124664307,0.49,0.959,0.087,1.08
2.9106879234313965,0.49,0.959,0.087,1.08
2.915402889251709,0.45,0.938,0.059,1.042
2.925999164581299,0.358,0.969,0.02,1.033
2.935749053955078,0.203,1.118,-0.026,1.137
2.9457321166992188,0.13,1.318,-0.126,1.33
2.956407070159912,0.089,1.506,-0.273,1.533
2.966264009475708,0.029,1.69,-0.472,1.755
2.976222038269043,-0.047,1.867,-0.677,1.987
3.010746955871582,-0.114,1.782,-0.462,1.844
3.0109071731567383,-0.114,1.782,-0.462,1.844
3.011017084121704,-0.114,1.782,-0.462,1.844
3.0159659385681152,-0.084,1.539,-0.161,1.55
3.026254177093506,-0.127,1.339,0.119,1.35
3.0361390113830566,-0.183,1.166,0.374,1.238
3.046018123626709,-0.234,1.018,0.553,1.182
3.0567710399627686,-0.273,0.875,0.696,1.151
3.066685199737549,-0.258,0.736,0.871,1.169
3.0764589309692383,-0.146,0.661,0.709,0.98
3.110053062438965,0.085,0.672,0.1,0.685
3.1102399826049805,0.085,0.672,0.1,0.685
3.110395908355713,0.085,0.672,0.1,0.685
3.116133213043213,0.096,0.659,0.014,0.666
3.126626968383789,0.098,0.653,-0.037,0.661
3.136573076248169,0.096,0.659,-0.069,0.67
3.146430015563965,0.086,0.678,-0.096,0.69
3.1571810245513916,0.076,0.707,-0.111,0.72
3.16703200340271,0.064,0.741,-0.116,0.753
3.1774210929870605,0.049,0.776,-0.112,0.786
3.212170124053955,0.022,0.746,-0.082,0.751
3.212306022644043,0.022,0.746,-0.082,0.751
3.2124180793762207,0.022,0.746,-0.082,0.751
3.216442108154297,0.024,0.661,-0.031,0.662
3.22707200050354,-0.0,0.583,0.031,0.584
3.2370290756225586,-0.026,0.52,0.092,0.529
3.2468719482421875,-0.038,0.476,0.148,0.5
3.2574801445007324,-0.039,0.452,0.209,0.5
3.267616033554077,-0.026,0.459,0.295,0.546
3.277937889099121,-0.0,0.522,0.415,0.667
3.3139140605926514,0.369,1.225,1.301,1.825
3.314049005508423,0.369,1.225,1.301,1.825
3.3141579627990723,0.369,1.225,1.301,1.825
3.3169641494750977,0.556,1.512,1.206,2.012
3.3271188735961914,0.66,1.693,0.751,1.966
3.337139129638672,0.683,1.696,0.294,1.852
3.3471479415893555,0.663,1.527,0.061,1.666
3.357870101928711,0.598,1.314,0.01,1.444
3.368025064468384,0.522,1.172,0.068,1.285
3.378136157989502,0.403,1.183,0.19,1.264
3.411668062210083,-0.078,1.856,0.439,1.909
3.41180419921875,-0.078,1.856,0.439,1.909
3.411917209625244,-0.078,1.856,0.439,1.909
3.417253017425537,-0.156,1.732,0.403,1.785
3.4273650646209717,-0.235,1.362,0.26,1.406
3.4377551078796387,-0.254,1.03,0.169,1.074
3.4475390911102295,-0.242,0.839,0.009,0.873
3.4583020210266113,-0.196,0.726,-0.087,0.757
3.468231201171875,-0.129,0.607,-0.083,0.626
3.478255033493042,-0.077,0.512,-0.074,0.523
3.514266014099121,-0.058,0.641,-0.285,0.704
3.5144550800323486,-0.058,0.641,-0.285,0.704
3.514611005783081,-0.058,0.641,-0.285,0.704
3.517725944519043,-0.078,0.807,-0.366,0.89
3.5278420448303223,-0.092,0.972,-0.399,1.055
3.538459062576294,-0.095,1.108,-0.435,1.194
3.5478830337524414,-0.082,1.198,-0.455,1.284
3.558126926422119,-0.042,1.217,-0.446,1.297
3.5679900646209717,0.011,1.174,-0.407,1.243
3.5787830352783203,0.058,1.111,-0.365,1.171
3.6105430126190186,0.124,0.921,-0.305,0.978
3.6106791496276855,0.124,0.921,-0.305,0.978
3.610793113708496,0.124,0.921,-0.305,0.978
3.618053913116455,0.123,0.869,-0.297,0.927
3.6282401084899902,0.11,0.838,-0.285,0.892
3.6386661529541016,0.061,0.802,-0.347,0.876
3.6483960151672363,0.004,0.785,-0.324,0.849
3.658961057662964,0.031,0.847,-0.176,0.866
3.669102191925049,0.067,0.924,-0.062,0.928
3.679115056991577,0.078,0.989,0.026,0.992
3.7138471603393555,-0.0,1.086,0.012,1.086
3.7139949798583984,-0.0,1.086,0.012,1.086
3.7141079902648926,-0.0,1.086,0.012,1.086
3.7186431884765625,-0.04,1.095,-0.037,1.096
3.728584051132202,-0.07,1.086,-0.064,1.09
3.739140033721924,-0.1,1.057,-0.052,1.063
3.7487611770629883,-0.132,1.019,-0.019,1.028
3.759514093399048,-0.146,0.995,0.037,1.006
3.769123077392578,-0.092,1.01,0.07,1.017
3.779776096343994,0.006,1.016,0.067,1.018
3.8141000270843506,0.234,0.916,0.015,0.946
3.814291000366211,0.234,0.916,0.015,0.946
3.8144500255584717,0.234,0.916,0.015,0.946
3.81882905960083,0.261,0.886,0.004,0.924
3.8290810585021973,0.249,0.856,-0.008,0.892
3.839305877685547,0.184,0.84,-0.008,0.86
3.849776029586792,0.133,0.858,-0.006,0.868
3.85922908782959,0.121,0.894,-0.006,0.902
3.8696131706237793,0.147,0.912,-0.002,0.924
3.879944086074829,0.192,0.914,0.007,0.934
3.893375873565674,0.236,0.91,0.018,0.94
3.918405055999756,0.322,0.908,0.042,0.964
3.9186019897460938,0.322,0.908,0.042,0.964
3.919783115386963,0.377,0.921,0.042,0.996
3.9327211380004883,0.421,0.929,0.042,1.021
3.939711093902588,0.437,0.921,0.042,1.02
3.9495670795440674,0.449,0.936,0.04,1.039
3.9602479934692383,0.493,0.997,0.042,1.113
3.9697132110595703,0.564,1.076,0.049,1.216
3.9803900718688965,0.623,1.136,0.052,1.297
4.014630079269409,0.53,1.119,-0.003,1.238
4.014822006225586,0.53,1.119,-0.003,1.238
4.01498007774353,0.53,1.119,-0.003,1.238
4.019613027572632,0.363,1.208,-0.024,1.262
4.029757976531982,0.194,1.371,-0.067,1.386
4.040204048156738,0.098,1.536,-0.17,1.548
4.04993200302124,0.046,1.689,-0.308,1.717
4.060740947723389,-0.007,1.816,-0.457,1.873
4.070096015930176,-0.077,1.919,-0.555,1.999
4.080993175506592,-0.141,1.932,-0.537,2.01
4.115880966186523,-0.109,1.263,0.005,1.268
4.116074085235596,-0.109,1.263,0.005,1.268
4.116186141967773,-0.109,1.263,0.005,1.268
4.119800090789795,-0.164,1.089,0.204,1.12
4.13009786605835,-0.275,0.952,0.583,1.15
4.140561103820801,-0.34,0.841,0.757,1.181
4.150251865386963,-0.308,0.77,0.629,1.041
4.161003112792969,-0.225,0.727,0.454,0.886
4.170386075973511,-0.115,0.719,0.278,0.779
4.180788993835449,-0.015,0.745,0.138,0.758
4.213942050933838,0.044,0.802,0.007,0.803
4.214081048965454,0.044,0.802,0.007,0.803
4.214194059371948,0.044,0.802,0.007,0.803
4.2203369140625,0.045,0.82,0.01,0.821
4.230677127838135,0.041,0.84,0.012,0.841
4.240854024887085,0.037,0.857,0.002,0.858
4.250542163848877,0.037,0.863,-0.017,0.864
4.261474132537842,0.047,0.854,-0.034,0.856
4.270716190338135,0.061,0.831,-0.047,0.835
4.281497955322266,0.075,0.797,-0.053,0.802
4.314581871032715,0.058,0.629,-0.0,0.632
4.314774036407471,0.058,0.629,-0.0,0.632
4.314908027648926,0.058,0.629,-0.0,0.632
4.320754051208496,-0.002,0.595,0.038,0.596
4.332446098327637,-0.051,0.574,0.076,0.581
4.341062068939209,-0.067,0.549,0.112,0.564
4.350954055786133,-0.058,0.525,0.155,0.55
4.361763954162598,-0.03,0.522,0.204,0.561
4.371539115905762,0.009,0.555,0.259,0.613
4.38173508644104,0.056,0.633,0.341,0.721
4.394381046295166,0.118,0.786,0.532,0.956
4.417119979858398,0.333,1.327,0.936,1.658
4.417255878448486,0.333,1.327,0.936,1.658
4.421066045761108,0.483,1.532,0.884,1.834
4.43243408203125,0.62,1.605,0.665,1.845
4.441313028335571,0.679,1.524,0.408,1.718
4.451603889465332,0.662,1.347,0.235,1.519
4.461889028549194,0.601,1.154,0.146,1.309
4.471734046936035,0.503,1.001,0.089,1.124
4.48185396194458,0.402,0.873,0.085,0.965
4.515379905700684,0.136,0.661,0.336,0.754
4.5155229568481445,0.136,0.661,0.336,0.754
4.515636920928955,0.136,0.661,0.336,0.754
4.52147912979126,0.163,0.804,0.629,1.034
4.531614065170288,0.099,1.186,0.593,1.33
4.541743040084839,-0.024,1.54,0.409,1.594
4.552019119262695,-0.082,1.677,0.214,1.693
4.562273979187012,-0.033,1.625,0.075,1.627
4.571930885314941,0.067,1.477,-0.034,1.479
4.5826780796051025,0.163,1.278,-0.093,1.292
4.618083953857422,0.189,0.78,-0.272,0.847
4.618273019790649,0.189,0.78,-0.272,0.847
4.618431091308594,0.189,0.78,-0.272,0.847
4.621843099594116,0.141,0.737,-0.314,0.813
4.632007122039795,0.108,0.725,-0.321,0.8
4.642024040222168,0.093,0.726,-0.298,0.79
4.6523730754852295,0.089,0.749,-0.262,0.798
4.662919044494629,0.098,0.797,-0.236,0.837
4.672131061553955,0.12,0.86,-0.211,0.894
4.68303918838501,0.149,0.921,-0.189,0.952
4.717115879058838,0.226,1.048,-0.251,1.101
4.717307090759277,0.226,1.048,-0.251,1.101
4.717478036880493,0.226,1.048,-0.251,1.101
4.722165107727051,0.203,1.047,-0.299,1.108
4.732338905334473,0.158,1.016,-0.361,1.09
4.742647171020508,0.102,0.967,-0.389,1.047
4.752624034881592,0.085,0.91,-0.328,0.971
4.763431072235107,0.109,0.878,-0.229,0.914
4.772484064102173,0.12,0.865,-0.137,0.884
4.783350944519043,0.123,0.863,-0.053,0.873
4.817292213439941,0.075,0.964,0.102,0.972
4.817482948303223,0.075,0.964,0.102,0.972
4.8176422119140625,0.075,0.964,0.102,0.972
4.822635173797607,0.051,1.015,0.096,1.021
4.832815170288086,0.029,1.05,0.066,1.052
4.842755079269409,0.012,1.06,0.03,1.06
4.853326082229614,-0.005,1.057,-0.006,1.057
4.86378288269043,-0.021,1.055,-0.032,1.056
4.8731489181518555,-0.028,1.053,-0.044,1.054
4.883807182312012,-0.026,1.051,-0.039,1.052
4.918968200683594,0.124,0.992,-0.034,1.0
4.919155120849609,0.124,0.992,-0.034,1.0
4.919312953948975,0.124,0.992,-0.034,1.0
4.922935962677002,0.168,0.967,-0.04,0.982
4.933152198791504,0.194,0.956,-0.039,0.976
4.9429779052734375,0.2,0.956,-0.038,0.977
4.9531731605529785,0.2,0.959,-0.033,0.98
4.964268207550049,0.206,0.969,-0.022,0.991
4.973282098770142,0.215,0.968,-0.01,0.992
4.984129905700684,0.233,0.954,-0.001,0.982
5.018254041671753,0.322,0.943,0.013,0.997
5.018442153930664,0.322,0.943,0.013,0.997
5.018600940704346,0.322,0.943,0.013,0.997
5.023324012756348,0.369,0.957,-0.003,1.026
5.033631086349487,0.421,0.966,-0.016,1.054
5.043694972991943,0.461,0.953,-0.022,1.059
5.053586959838867,0.484,0.924,-0.022,1.043
5.064279079437256,0.492,0.889,-0.009,1.016
5.073564052581787,0.483,0.858,0.015,0.985
5.084295034408569,0.492,0.854,0.026,0.986
5.118046998977661,0.687,1.067,0.014,1.269
5.11824107170105,0.687,1.067,0.014,1.269
5.118402004241943,0.687,1.067,0.014,1.269
5.124118089675903,0.692,1.106,0.031,1.305
5.133913993835449,0.642,1.107,0.044,1.28
5.143889904022217,0.539,1.085,0.047,1.212
5.15393590927124,0.395,1.098,0.045,1.168
5.164699077606201,0.247,1.158,0.028,1.184
5.174201965332031,0.147,1.223,-0.015,1.232
5.184854030609131,0.09,1.301,-0.096,1.308
5.219450950622559,0.004,1.562,-0.492,1.638
5.219587087631226,0.004,1.562,-0.492,1.638
5.219696998596191,0.004,1.562,-0.492,1.638
5.224410057067871,-0.054,1.611,-0.552,1.704
5.234260082244873,-0.084,1.583,-0.507,1.664
5.244266986846924,-0.072,1.455,-0.355,1.499
5.254302024841309,-0.047,1.274,-0.15,1.284
5.26512598991394,-0.033,1.107,0.046,1.108
5.274615049362183,-0.049,0.976,0.329,1.031
5.28508996963501,-0.097,0.853,0.673,1.091
5.317956924438477,0.099,0.795,0.328,0.866
5.3180930614471436,0.099,0.795,0.328,0.866
5.318206071853638,0.099,0.795,0.328,0.866
5.3246400356292725,0.16,0.803,0.163,0.835
5.334567070007324,0.197,0.76,0.056,0.787
5.344573974609375,0.215,0.708,-0.001,0.74
5.354732036590576,0.206,0.673,-0.029,0.704
5.364798069000244,0.185,0.666,-0.048,0.693
5.375878095626831,0.164,0.685,-0.065,0.707
5.385325908660889,0.145,0.727,-0.077,0.745
5.417906045913696,0.099,0.992,-0.099,1.002
5.418064117431641,0.099,0.992,-0.099,1.002
5.418177127838135,0.099,0.992,-0.099,1.002
5.424915075302124,0.083,1.093,-0.115,1.102
5.435019016265869,0.09,1.144,-0.108,1.153
5.444981098175049,0.107,1.119,-0.048,1.125
5.455101013183594,0.093,1.018,0.045,1.023
5.465734004974365,0.029,0.897,0.128,0.907
5.4758381843566895,-0.025,0.796,0.179,0.816
5.486011028289795,-0.045,0.716,0.208,0.747
5.520749092102051,0.025,0.713,0.371,0.804
5.520909070968628,0.025,0.713,0.371,0.804
5.521022081375122,0.025,0.713,0.371,0.804
5.525593996047974,0.076,0.81,0.504,0.957
5.53546404838562,0.141,0.959,0.716,1.205
5.545396089553833,0.247,1.177,0.979,1.551
5.555420875549316,0.394,1.331,0.978,1.698
5.566116094589233,0.513,1.363,0.765,1.645
5.576704025268555,0.559,1.334,0.483,1.525
5.586283206939697,0.535,1.203,0.266,1.343
5.620561122894287,0.382,0.88,-0.047,0.96
5.6207520961761475,0.382,0.88,-0.047,0.96
5.6209189891815186,0.382,0.88,-0.047,0.96
5.625564098358154,0.302,0.84,-0.076,0.896
5.635699987411499,0.234,0.846,-0.082,0.882
5.6457600593566895,0.183,0.927,-0.056,0.947
5.656310081481934,0.129,1.086,-0.012,1.094
5.666481971740723,0.1,1.24,0.057,1.245
5.676239967346191,0.127,1.329,0.197,1.35
5.686345100402832,0.18,1.357,0.437,1.437
5.7209792137146,0.396,1.043,0.527,1.234
5.72111701965332,0.396,1.043,0.527,1.234
5.7212300300598145,0.396,1.043,0.527,1.234
5.726003170013428,0.477,1.015,0.261,1.151
5.736074924468994,0.466,1.029,0.056,1.131
5.746272087097168,0.384,1.031,-0.075,1.103
5.7561869621276855,0.311,0.98,-0.136,1.037
5.766962051391602,0.234,0.918,-0.156,0.96
5.777019023895264,0.163,0.855,-0.172,0.887
5.786764144897461,0.114,0.797,-0.183,0.826
5.821851015090942,0.057,0.76,-0.141,0.775
5.8220391273498535,0.057,0.76,-0.141,0.775
5.822196960449219,0.057,0.76,-0.141,0.775
5.826301097869873,0.059,0.774,-0.115,0.785
5.836507081985474,0.078,0.799,-0.102,0.809
5.846548080444336,0.097,0.834,-0.152,0.853
5.85642409324646,0.121,0.867,-0.229,0.905
5.867325067520142,0.148,0.894,-0.315,0.959
5.877382040023804,0.178,0.911,-0.39,1.007
5.886871099472046,0.21,0.917,-0.443,1.04
5.920986175537109,0.259,0.857,-0.47,1.011
5.921122074127197,0.259,0.857,-0.47,1.011
5.921231985092163,0.259,0.857,-0.47,1.011
5.926809072494507,0.224,0.866,-0.411,0.984
5.9368650913238525,0.204,0.898,-0.291,0.966
5.9470250606536865,0.213,0.923,-0.178,0.964
5.9568891525268555,0.218,0.936,-0.101,0.966
5.967605113983154,0.213,0.966,-0.045,0.99
5.977960109710693,0.2,1.013,-0.007,1.033
5.987092018127441,0.176,1.07,0.038,1.085
6.0214409828186035,0.029,1.143,0.115,1.149
6.021578073501587,0.029,1.143,0.115,1.149
6.021688938140869,0.029,1.143,0.115,1.149
6.027144908905029,0.001,1.134,0.1,1.138
6.037250995635986,-0.006,1.092,0.054,1.093
6.047358989715576,-0.001,1.03,0.001,1.03
6.0572350025177,0.001,0.962,-0.043,0.963
6.06796407699585,-0.008,0.901,-0.066,0.903
6.078283071517944,-0.033,0.86,-0.079,0.864
6.087655067443848,-0.054,0.852,-0.098,0.859
6.124145030975342,-0.073,0.913,-0.161,0.93
6.1243791580200195,-0.073,0.913,-0.161,0.93
6.124552011489868,-0.073,0.913,-0.161,0.93
6.127829074859619,-0.06,0.938,-0.161,0.954
6.137634992599487,-0.033,0.971,-0.143,0.982
6.147722005844116,0.026,0.997,-0.126,1.005
6.158322095870972,0.092,1.013,-0.11,1.023
6.168063163757324,0.152,1.021,-0.085,1.036
6.178286075592041,0.208,1.026,-0.055,1.048
6.187685012817383,0.263,1.028,-0.025,1.061
6.22365403175354,0.449,1.02,-0.002,1.114
6.223843097686768,0.449,1.02,-0.002,1.114
6.224000930786133,0.449,1.02,-0.002,1.114
6.2280800342559814,0.487,0.997,0.0,1.11
6.2383410930633545,0.516,0.975,0.007,1.103
6.248095989227295,0.567,0.99,0.011,1.141
6.258074998855591,0.649,1.04,0.015,1.226
6.268702983856201,0.735,1.09,0.013,1.315
6.278639078140259,0.779,1.121,0.003,1.365
6.28869104385376,0.777,1.124,-0.016,1.367
6.32563591003418,0.451,1.152,-0.05,1.238
6.325839042663574,0.451,1.152,-0.05,1.238
6.3259968757629395,0.451,1.152,-0.05,1.238
6.328182220458984,0.297,1.195,-0.075,1.234
6.338373184204102,0.177,1.218,-0.126,1.237
6.348396062850952,0.079,1.237,-0.174,1.252
6.358191013336182,-0.007,1.255,-0.206,1.272
6.369237899780273,-0.072,1.275,-0.232,1.298
6.378997087478638,-0.104,1.322,-0.278,1.355
6.3890380859375,-0.117,1.344,-0.306,1.383
6.424673080444336,-0.147,1.145,-0.207,1.173
6.424861907958984,-0.147,1.145,-0.207,1.173
6.425021171569824,-0.147,1.145,-0.207,1.173
6.428316116333008,-0.169,1.086,-0.107,1.104
6.438880920410156,-0.191,1.053,-0.011,1.07
6.448880195617676,-0.221,1.042,0.081,1.068
6.4586639404296875,-0.271,1.043,0.16,1.089
6.469606876373291,-0.325,1.04,0.218,1.111
6.479236125946045,-0.346,1.011,0.275,1.103
6.489162921905518,-0.292,0.953,0.339,1.053
6.524985074996948,-0.013,0.834,0.137,0.845
6.525193214416504,-0.013,0.834,0.137,0.845
6.525350093841553,-0.013,0.834,0.137,0.845
6.528722047805786,0.019,0.806,0.054,0.808
6.539193153381348,0.024,0.798,-0.019,0.799
6.549023151397705,0.013,0.813,-0.07,0.816
6.558911085128784,-0.008,0.846,-0.101,0.852
6.570007085800171,-0.034,0.898,-0.109,0.905
6.579587936401367,-0.062,0.962,-0.097,0.969
6.589953899383545,-0.088,1.022,-0.066,1.028
6.625591993331909,-0.066,0.991,0.103,0.999
6.625730037689209,-0.066,0.991,0.103,0.999
6.625847101211548,-0.066,0.991,0.103,0.999
6.629110097885132,-0.047,0.895,0.154,0.909
6.6396331787109375,-0.038,0.797,0.179,0.818
6.6494669914245605,-0.026,0.719,0.188,0.744
6.6594319343566895,0.001,0.668,0.205,0.699
6.669587135314941,0.039,0.655,0.243,0.7
6.680281162261963,0.074,0.668,0.309,0.74
6.6899330615997314,0.118,0.7,0.4,0.815
6.724839210510254,0.308,0.926,0.604,1.148
6.7249720096588135,0.308,0.926,0.604,1.148
6.725082874298096,0.308,0.926,0.604,1.148
6.729775905609131,0.361,1.019,0.528,1.203
6.74003005027771,0.4,1.085,0.417,1.229
6.74994421005249,0.427,1.125,0.32,1.245
6.759819030761719,0.432,1.143,0.276,1.253
6.770559072494507,0.394,1.125,0.264,1.221
6.780369997024536,0.372,1.063,0.235,1.15
6.790718078613281,0.35,0.992,0.173,1.066
6.831122875213623,0.079,0.766,-0.042,0.771
6.83125901222229,0.079,0.766,-0.042,0.771
6.831382989883423,0.079,0.766,-0.042,0.771
6.831488132476807,0.079,0.766,-0.042,0.771
6.840139865875244,0.098,0.869,0.062,0.877
6.8503899574279785,0.086,1.098,0.103,1.106
6.860209941864014,0.064,1.339,0.13,1.347
6.870334148406982,0.106,1.538,0.269,1.565
6.881011962890625,0.226,1.632,0.405,1.697
6.890477180480957,0.318,1.547,0.377,1.624
6.926033020019531,0.128,0.962,0.107,0.976
6.926223039627075,0.128,0.962,0.107,0.976
6.926380157470703,0.128,0.962,0.107,0.976
6.93042516708374,0.045,0.886,0.016,0.887
6.940591096878052,0.013,0.849,-0.086,0.853
6.9508349895477295,0.004,0.828,-0.159,0.843
6.960587978363037,0.008,0.798,-0.192,0.821
6.971273899078369,0.019,0.767,-0.182,0.789
6.981295108795166,0.033,0.758,-0.138,0.771
6.99130916595459,0.049,0.769,-0.102,0.777
7.028364181518555,0.116,0.926,-0.152,0.946
7.028552055358887,0.116,0.926,-0.152,0.946
7.0287089347839355,0.116,0.926,-0.152,0.946
7.030736923217773,0.133,0.992,-0.242,1.03
7.040901184082031,0.148,1.037,-0.349,1.104
7.0513269901275635,0.161,1.044,-0.444,1.146
7.060952186584473,0.163,1.01,-0.49,1.134
7.071720123291016,0.179,0.943,-0.493,1.079
7.0816650390625,0.223,0.852,-0.459,0.993
7.091736078262329,0.224,0.796,-0.359,0.901
7.127662181854248,0.22,0.856,0.035,0.885
7.127853870391846,0.22,0.856,0.035,0.885
7.128010988235474,0.22,0.856,0.035,0.885
7.131132125854492,0.213,0.95,0.177,0.99
7.1412529945373535,0.187,1.055,0.306,1.114
7.151443004608154,0.149,1.137,0.356,1.201
7.161351203918457,0.108,1.184,0.326,1.233
7.171891212463379,0.076,1.196,0.266,1.228
7.182010173797607,0.052,1.173,0.195,1.19
7.191895008087158,0.037,1.121,0.102,1.126
7.225527048110962,0.059,1.026,-0.126,1.035
7.225664138793945,0.059,1.026,-0.126,1.035
7.2257771492004395,0.059,1.026,-0.126,1.035
7.231420040130615,0.097,0.989,-0.169,1.008
7.2415971755981445,0.135,0.961,-0.186,0.988
7.251830101013184,0.16,0.943,-0.187,0.975
7.261702060699463,0.167,0.934,-0.174,0.965
7.272610187530518,0.166,0.93,-0.152,0.957
7.282419204711914,0.159,0.918,-0.126,0.94
7.2924370765686035,0.155,0.897,-0.099,0.916
7.328546047210693,0.192,0.901,-0.033,0.922
7.328733921051025,0.192,0.901,-0.033,0.922
7.328898906707764,0.192,0.901,-0.033,0.922
7.331899166107178,0.214,0.945,-0.027,0.969
7.341808080673218,0.244,0.999,-0.019,1.029
7.352264881134033,0.278,1.036,-0.006,1.073
7.36237907409668,0.309,1.057,-0.0,1.101
7.372749090194702,0.328,1.054,-0.004,1.104
7.382744073867798,0.344,1.037,-0.014,1.093
7.392780065536499,0.385,1.046,-0.035,1.115
7.404612064361572,0.458,1.081,-0.052,1.175
7.42614221572876,0.56,1.133,-0.027,1.264
7.426275014877319,0.56,1.133,-0.027,1.264
7.432080984115601,0.529,1.111,0.002,1.231
7.447103977203369,0.462,1.079,0.024,1.174
7.452558994293213,0.379,1.069,0.05,1.135
7.462613105773926,0.264,1.072,0.092,1.108
7.47317099571228,0.142,1.075,0.112,1.09
7.48297119140625,0.045,1.092,0.092,1.097
7.493136882781982,-0.031,1.13,0.033,1.131
7.528192043304443,-0.176,1.38,-0.25,1.413
7.52839994430542,-0.176,1.38,-0.25,1.413
7.528558015823364,-0.176,1.38,-0.25,1.413
7.532402992248535,-0.227,1.454,-0.32,1.506
7.542780876159668,-0.283,1.491,-0.3,1.547
7.552802085876465,-0.322,1.445,-0.122,1.485
7.563159942626953,-0.354,1.308,0.228,1.374
7.573530197143555,-0.381,1.137,0.549,1.319
7.583282947540283,-0.367,1.004,0.676,1.265
7.593682050704956,-0.323,0.919,0.635,1.163
7.629395008087158,-0.112,0.925,0.221,0.958
7.629581928253174,-0.112,0.925,0.221,0.958
7.629741191864014,-0.112,0.925,0.221,0.958
7.632861137390137,-0.058,0.923,0.138,0.935
7.643144130706787,-0.019,0.887,0.089,0.892
7.653306007385254,0.014,0.839,0.059,0.841
7.663475036621094,0.037,0.793,0.046,0.795
7.674092054367065,0.054,0.758,0.04,0.761
7.68348503112793,0.065,0.735,0.037,0.739
7.693851947784424,0.074,0.729,0.032,0.733
7.726680040359497,0.115,0.762,0.02,0.771
7.726816177368164,0.115,0.762,0.02,0.771
7.726927995681763,0.115,0.762,0.02,0.771
7.733141899108887,0.124,0.785,0.016,0.795
7.7433600425720215,0.128,0.815,0.021,0.825
7.753705978393555,0.129,0.841,0.038,0.852
7.7638890743255615,0.116,0.855,0.077,0.866
7.774270057678223,0.083,0.852,0.131,0.866
7.784126043319702,0.037,0.832,0.186,0.853
7.79406213760376,0.004,0.798,0.242,0.834
7.806333065032959,-0.009,0.764,0.293,0.818
7.829799175262451,0.022,0.754,0.332,0.824
7.82993221282959,0.022,0.754,0.332,0.824
7.833629131317139,0.071,0.782,0.333,0.853
7.84720516204834,0.131,0.81,0.345,0.89
7.853987216949463,0.2,0.845,0.356,0.938
7.8642120361328125,0.279,0.891,0.359,1.0
7.875,0.365,0.951,0.343,1.075
7.884381055831909,0.434,1.02,0.312,1.152
7.894759178161621,0.48,1.1,0.292,1.235
7.92849588394165,0.62,1.207,0.446,1.428
7.928631067276001,0.62,1.207,0.446,1.428
7.928740978240967,0.62,1.207,0.446,1.428
7.933927059173584,0.614,1.186,0.456,1.411
7.944170951843262,0.566,1.139,0.44,1.346
7.954400062561035,0.491,1.083,0.418,1.26
7.964558124542236,0.398,1.084,0.369,1.212
7.974430084228516,0.301,1.216,0.321,1.293
7.984928131103516,0.206,1.367,0.264,1.407
7.99496603012085,0.178,1.415,0.208,1.441
8.007230997085571,0.179,1.379,0.153,1.399
8.030989170074463,0.059,1.084,0.062,1.087
8.031122207641602,0.059,1.084,0.062,1.087
8.03429102897644,0.005,0.925,0.082,0.929
8.046956062316895,-0.022,0.815,0.062,0.818
8.054756164550781,-0.027,0.763,0.018,0.764
8.064585208892822,-0.036,0.766,-0.033,0.768
8.075345993041992,-0.05,0.805,-0.096,0.812
8.084874153137207,-0.059,0.849,-0.159,0.866
8.095407962799072,-0.057,0.887,-0.205,0.912
8.13039493560791,-0.019,0.966,-0.216,0.99
8.130533218383789,-0.019,0.966,-0.216,0.99
8.130648136138916,-0.019,0.966,-0.216,0.99
8.134988069534302,-0.001,0.971,-0.188,0.989
8.145013093948364,0.024,0.966,-0.165,0.98
8.15504002571106,0.052,0.955,-0.165,0.971
8.16514801979065,0.086,0.94,-0.174,0.96
8.175873041152954,0.125,0.922,-0.197,0.951
8.185163974761963,0.163,0.907,-0.232,0.95
8.195841073989868,0.225,0.896,-0.288,0.968
8.207871913909912,0.284,0.886,-0.34,0.991
8.231586933135986,0.261,0.901,-0.22,0.963
8.231726169586182,0.261,0.901,-0.22,0.963
8.23501205444336,0.25,0.925,-0.107,0.964
8.246983051300049,0.238,0.948,0.014,0.978
8.255491018295288,0.217,0.973,0.13,1.005
8.265444040298462,0.185,0.998,0.224,1.039
8.276543140411377,0.14,1.022,0.272,1.067
8.285460948944092,0.094,1.047,0.252,1.081
8.296092987060547,0.064,1.067,0.163,1.081
8.308564186096191,0.043,1.063,0.048,1.065
8.333932876586914,0.009,1.029,-0.178,1.044
8.334071159362793,0.009,1.029,-0.178,1.044
8.33542013168335,-0.016,0.998,-0.261,1.032
8.346706867218018,-0.036,0.966,-0.315,1.017
8.355687141418457,-0.037,0.945,-0.338,1.004
8.365878105163574,0.001,0.937,-0.316,0.989
8.37686014175415,0.088,0.941,-0.258,0.98
8.385843992233276,0.167,0.934,-0.192,0.968
8.396537065505981,0.21,0.916,-0.131,0.949
8.430662155151367,0.311,0.926,-0.058,0.979
8.430796146392822,0.311,0.926,-0.058,0.979
8.430921077728271,0.311,0.926,-0.058,0.979
8.435819149017334,0.357,0.959,-0.063,1.025
8.44615888595581,0.364,0.983,-0.043,1.049
8.456032037734985,0.332,0.985,0.016,1.04
8.466232061386108,0.302,0.974,0.084,1.023
8.477139949798584,0.299,0.961,0.135,1.015
8.4861741065979,0.319,0.957,0.163,1.022
8.496960163116455,0.347,0.964,0.172,1.039
8.530824184417725,0.44,1.021,0.072,1.114
8.530962944030762,0.44,1.021,0.072,1.114
8.5310800075531,0.44,1.021,0.072,1.114
8.536189079284668,0.45,1.024,0.014,1.119
8.546380996704102,0.439,1.008,-0.023,1.1
8.556602001190186,0.437,1.007,-0.049,1.099
8.566606044769287,0.47,1.047,-0.072,1.15
8.577023983001709,0.524,1.091,-0.077,1.213
8.58672308921814,0.561,1.113,-0.068,1.248
8.597553014755249,0.56,1.115,-0.06,1.249
8.6332368850708,0.346,1.072,-0.027,1.127
8.63343095779419,0.346,1.072,-0.027,1.127
8.6336030960083,0.346,1.072,-0.027,1.127
8.636799097061157,0.243,1.081,-0.007,1.108
8.64686393737793,0.152,1.1,0.013,1.111
8.656765937805176,0.067,1.13,0.02,1.132
8.666961193084717,-0.022,1.176,0.007,1.176
8.677667140960693,-0.117,1.256,-0.025,1.262
8.687049865722656,-0.193,1.362,-0.086,1.378
8.697671890258789,-0.259,1.453,-0.171,1.486
8.732516050338745,-0.363,1.38,-0.052,1.428
8.732654094696045,-0.363,1.38,-0.052,1.428
8.732769012451172,-0.363,1.38,-0.052,1.428
8.737215042114258,-0.367,1.228,0.154,1.291
8.747311115264893,-0.381,1.088,0.352,1.205
8.757058143615723,-0.381,0.993,0.472,1.164
8.767394065856934,-0.366,0.928,0.493,1.113
8.777988910675049,-0.287,0.864,0.433,1.008
8.787786960601807,-0.144,0.843,0.32,0.913
8.79806399345398,-0.018,0.872,0.212,0.898
8.832798957824707,0.101,0.792,0.015,0.799
8.83293604850769,0.101,0.792,0.015,0.799
8.83305311203003,0.101,0.792,0.015,0.799
8.837644100189209,0.114,0.758,0.008,0.767
8.847697019577026,0.127,0.732,0.022,0.743
8.857501029968262,0.134,0.729,0.039,0.742
8.867654085159302,0.14,0.743,0.05,0.758
8.878407955169678,0.153,0.773,0.062,0.79
8.888000011444092,0.164,0.824,0.069,0.843
8.898562908172607,0.165,0.897,0.067,0.915
8.933648109436035,0.152,1.094,0.046,1.105
8.93378496170044,0.152,1.094,0.046,1.105
8.9338960647583,0.152,1.094,0.046,1.105
8.937946081161499,0.157,1.059,0.092,1.075
8.948055028915405,0.149,0.943,0.154,0.967
8.958178043365479,0.115,0.817,0.205,0.85
8.968044996261597,0.07,0.717,0.244,0.761
8.978830099105835,0.037,0.65,0.27,0.705
8.98827600479126,0.03,0.614,0.286,0.678
8.998600959777832,0.062,0.618,0.308,0.693
9.031796932220459,0.326,0.764,0.493,0.966
9.031933069229126,0.326,0.764,0.493,0.966
9.03204607963562,0.326,0.764,0.493,0.966
9.038008213043213,0.445,0.844,0.518,1.086
9.048366069793701,0.552,0.939,0.495,1.196
9.058324098587036,0.649,1.018,0.45,1.288
9.068422079086304,0.729,1.087,0.411,1.372
9.07903003692627,0.785,1.145,0.405,1.446
9.088645935058594,0.789,1.171,0.398,1.467
9.099544048309326,0.735,1.159,0.356,1.418
9.135777950286865,0.4,0.919,0.303,1.047
9.135970115661621,0.4,0.919,0.303,1.047
9.136127948760986,0.4,0.919,0.303,1.047
9.138347148895264,0.302,0.935,0.354,1.044
9.149011135101318,0.23,1.171,0.354,1.245
9.158690929412842,0.123,1.444,0.242,1.469
9.168715953826904,0.044,1.6,0.16,1.609
9.179387092590332,-0.002,1.587,0.16,1.595
9.188881874084473,0.027,1.384,0.139,1.391
9.19970703125,0.087,1.147,0.039,1.151
9.233037948608398,0.151,0.651,-0.045,0.67
9.23317813873291,0.151,0.651,-0.045,0.67
9.233291149139404,0.151,0.651,-0.045,0.67
9.238758087158203,0.142,0.606,-0.05,0.624
9.24940299987793,0.116,0.609,-0.056,0.622
9.259115219116211,0.095,0.637,-0.073,0.648
9.269054889678955,0.082,0.678,-0.091,0.689
9.279848098754883,0.079,0.731,-0.11,0.743
9.28910207748413,0.089,0.794,-0.125,0.809
9.300310134887695,0.115,0.867,-0.132,0.884
9.336687088012695,0.226,1.101,-0.207,1.143
9.336881160736084,0.226,1.101,-0.207,1.143
9.337049961090088,0.226,1.101,-0.207,1.143
9.33912205696106,0.261,1.164,-0.276,1.224
9.349833965301514,0.26,1.198,-0.364,1.279
9.359546184539795,0.218,1.157,-0.404,1.245
9.369330883026123,0.175,1.067,-0.384,1.147
9.38024091720581,0.151,0.969,-0.329,1.034
9.389564037322998,0.155,0.889,-0.26,0.939
9.40025806427002,0.178,0.833,-0.194,0.874
9.435698986053467,0.229,0.836,-0.012,0.867
9.435837030410767,0.229,0.836,-0.012,0.867
9.435953140258789,0.229,0.836,-0.012,0.867
9.439500093460083,0.235,0.876,0.046,0.908
9.449928045272827,0.224,0.933,0.102,0.965
9.459951877593994,0.197,0.994,0.138,1.023
9.469909191131592,0.165,1.043,0.13,1.064
9.480062007904053,0.131,1.07,0.082,1.081
9.49064016342163,0.094,1.086,0.012,1.09
9.500225067138672,0.056,1.091,-0.062,1.094
9.537343978881836,0.003,1.044,-0.19,1.061
9.537479877471924,0.003,1.044,-0.19,1.061
9.537590026855469,0.003,1.044,-0.19,1.061
9.539807081222534,0.025,1.015,-0.194,1.034
9.55032205581665,0.056,0.989,-0.189,1.008
9.560546875,0.085,0.973,-0.17,0.991
9.57019305229187,0.12,0.967,-0.143,0.985
9.580949068069458,0.171,0.963,-0.128,0.986
9.590487957000732,0.216,0.961,-0.117,0.992
9.600764036178589,0.233,0.949,-0.095,0.982
9.637091159820557,0.207,0.858,0.044,0.884
9.637229919433594,0.207,0.858,0.044,0.884
9.637341976165771,0.207,0.858,0.044,0.884
9.64023494720459,0.239,0.86,0.074,0.896
9.650655031204224,0.279,0.881,0.086,0.928
9.660911083221436,0.333,0.914,0.082,0.976
9.67061710357666,0.385,0.936,0.074,1.015
9.681364059448242,0.435,0.949,0.061,1.046
9.69091796875,0.487,0.958,0.037,1.075
9.700908184051514,0.53,0.954,0.006,1.091
9.737618923187256,0.558,0.914,-0.024,1.071
9.737758159637451,0.558,0.914,-0.024,1.071
9.737903118133545,0.558,0.914,-0.024,1.071
9.740621089935303,0.607,0.944,-0.044,1.123
9.751008033752441,0.667,0.982,-0.043,1.188
9.761052131652832,0.694,1.002,-0.032,1.219
9.770968914031982,0.679,1.004,-0.03,1.212
9.781761169433594,0.609,0.992,-0.021,1.164
9.791629076004028,0.466,1.014,0.028,1.116
9.801734924316406,0.297,1.092,0.104,1.136
9.837632179260254,0.056,1.305,0.031,1.307
9.837799072265625,0.056,1.305,0.031,1.307
9.837911128997803,0.056,1.305,0.031,1.307
9.841009140014648,0.01,1.43,-0.088,1.433
9.851366996765137,-0.054,1.579,-0.237,1.598
9.861485004425049,-0.135,1.699,-0.348,1.74
9.871191024780273,-0.202,1.753,-0.338,1.797
9.882065057754517,-0.237,1.689,-0.179,1.715
9.892162084579468,-0.24,1.486,0.123,1.51
9.901653051376343,-0.249,1.246,0.429,1.341
9.939073085784912,-0.117,0.871,0.575,1.05
9.939210891723633,-0.117,0.871,0.575,1.05
9.93932294845581,-0.117,0.871,0.575,1.05
9.94135308265686,-0.008,0.824,0.422,0.926
9.951620101928711,0.088,0.858,0.289,0.91
9.962019920349121,0.15,0.908,0.206,0.943
9.971678018569946,0.179,0.905,0.154,0.935
9.982523918151855,0.204,0.891,0.119,0.922
9.992424964904785,0.223,0.878,0.096,0.911
10.00222396850586,0.226,0.863,0.08,0.896
10.039972066879272,0.206,0.796,0.033,0.823
10.04010820388794,0.206,0.796,0.033,0.823
10.040217876434326,0.206,0.796,0.033,0.823
10.041760921478271,0.2,0.771,0.013,0.797
10.051982879638672,0.182,0.755,-0.016,0.777
10.062319993972778,0.159,0.752,-0.042,0.77
10.072076082229614,0.117,0.771,-0.079,0.784
10.082201957702637,0.059,0.807,-0.117,0.818
10.092781066894531,-0.027,0.863,-0.133,0.874
10.102307081222534,-0.11,0.892,-0.115,0.906
10.136128902435303,-0.065,0.685,0.091,0.694
10.136262893676758,-0.065,0.685,0.091,0.694
10.136375904083252,-0.065,0.685,0.091,0.694
10.142221927642822,-0.037,0.629,0.154,0.649
10.152460098266602,-0.014,0.603,0.207,0.638
10.162533044815063,0.002,0.614,0.274,0.672
10.172659873962402,0.05,0.681,0.364,0.774
10.182981014251709,0.185,0.76,0.421,0.888
10.193209171295166,0.326,0.807,0.458,0.984
10.202754974365234,0.455,0.832,0.463,1.055
10.23947811126709,0.72,0.964,0.429,1.277
10.239614009857178,0.72,0.964,0.429,1.277
10.239739894866943,0.72,0.964,0.429,1.277
10.24251103401184,0.799,1.065,0.509,1.425
10.252729892730713,0.882,1.176,0.576,1.579
10.262814998626709,0.923,1.243,0.525,1.635
10.273000001907349,0.893,1.258,0.374,1.587
10.283605098724365,0.83,1.273,0.202,1.533
10.293548107147217,0.775,1.299,0.099,1.516
10.302958965301514,0.762,1.344,0.085,1.547
10.340673923492432,0.426,1.559,0.213,1.63
10.340813159942627,0.426,1.559,0.213,1.63
10.340925216674805,0.426,1.559,0.213,1.63
10.342854022979736,0.18,1.369,0.44,1.449
10.353143215179443,-0.063,1.141,0.522,1.256
10.363322019577026,-0.148,0.976,0.38,1.058
10.373090028762817,-0.116,0.853,0.208,0.886
10.384011030197144,-0.019,0.767,0.082,0.772
10.393762111663818,0.088,0.688,0.016,0.694
10.403553009033203,0.153,0.629,-0.03,0.648
10.440855979919434,0.244,0.646,-0.084,0.696
10.440996170043945,0.244,0.646,-0.084,0.696
10.44111704826355,0.244,0.646,-0.084,0.696
10.443181991577148,0.261,0.751,-0.073,0.798
10.453532218933105,0.269,0.868,-0.098,0.914
10.463590145111084,0.284,0.975,-0.16,1.028
10.473599910736084,0.303,1.044,-0.232,1.112
10.484309196472168,0.318,1.061,-0.31,1.15
10.494263172149658,0.324,1.022,-0.383,1.138
10.50394606590271,0.318,0.959,-0.434,1.1
10.542901039123535,0.205,0.816,-0.472,0.965
10.543118953704834,0.205,0.816,-0.472,0.965
10.543540000915527,0.154,0.842,-0.363,0.93
10.544899940490723,0.154,0.842,-0.363,0.93
10.553833961486816,0.175,0.856,-0.245,0.907
10.564157009124756,0.214,0.859,-0.143,0.897
10.573913097381592,0.24,0.859,-0.063,0.894
10.58469820022583,0.249,0.86,-0.014,0.895
10.594470024108887,0.24,0.873,-0.0,0.905
10.604647159576416,0.221,0.904,-0.008,0.931
10.639644145965576,0.158,1.044,-0.072,1.058
10.639780044555664,0.158,1.044,-0.072,1.058
10.639893054962158,0.158,1.044,-0.072,1.058
10.643907070159912,0.143,1.08,-0.06,1.091
10.654282093048096,0.126,1.088,-0.017,1.095
10.664308071136475,0.12,1.065,0.037,1.072
10.674278020858765,0.129,1.035,0.081,1.046
10.68467092514038,0.149,1.012,0.103,1.028
10.695155143737793,0.189,1.003,0.098,1.025
10.7050461769104,0.247,0.999,0.073,1.032
10.738278865814209,0.415,0.958,-0.057,1.046
10.73841404914856,0.415,0.958,-0.057,1.046
10.738524913787842,0.415,0.958,-0.057,1.046
10.744493961334229,0.455,0.951,-0.08,1.057
10.754594087600708,0.468,0.94,-0.071,1.052
10.764768123626709,0.445,0.924,-0.033,1.026
10.774749994277954,0.397,0.9,0.014,0.984
10.784984111785889,0.335,0.867,0.047,0.931
10.795520067214966,0.273,0.838,0.054,0.883
10.804764032363892,0.237,0.842,0.035,0.875
10.839166164398193,0.298,0.942,-0.081,0.991
10.839301109313965,0.298,0.942,-0.081,0.991
10.839414119720459,0.298,0.942,-0.081,0.991
10.84480619430542,0.343,0.972,-0.105,1.036
10.85494089126587,0.388,0.984,-0.113,1.064
10.865238189697266,0.427,0.981,-0.102,1.075
10.874983072280884,0.459,0.963,-0.076,1.069
10.885753154754639,0.499,0.95,-0.056,1.075
10.895782947540283,0.568,0.97,-0.05,1.125
10.905346870422363,0.646,1.008,-0.04,1.198
10.939146041870117,0.744,1.05,0.018,1.287
10.93928599357605,0.744,1.05,0.018,1.287
10.939399003982544,0.744,1.05,0.018,1.287
10.945518970489502,0.692,1.034,0.022,1.244
10.95536208152771,0.595,1.023,0.024,1.184
10.965539932250977,0.459,1.049,0.034,1.146
10.975419998168945,0.303,1.114,0.052,1.156
10.985336065292358,0.163,1.182,0.05,1.194
10.996445178985596,0.049,1.257,0.041,1.259
11.005904197692871,-0.034,1.314,0.035,1.315
11.039835929870605,-0.132,1.359,-0.136,1.372
11.039973020553589,-0.132,1.359,-0.136,1.372
11.040086030960083,-0.132,1.359,-0.136,1.372
11.045634031295776,-0.135,1.31,-0.168,1.328
11.0557541847229,-0.136,1.234,-0.141,1.249
11.06591796875,-0.135,1.149,-0.051,1.158
11.075872898101807,-0.139,1.071,0.087,1.083
11.08687686920166,-0.147,1.025,0.251,1.065
11.096499919891357,-0.157,1.012,0.385,1.094
11.106371879577637,-0.125,1.004,0.419,1.095
11.142877101898193,0.14,1.017,0.219,1.05
11.14301609992981,0.14,1.017,0.219,1.05
11.143131017684937,0.14,1.017,0.219,1.05
11.145761966705322,0.168,0.985,0.155,1.011
11.156018018722534,0.191,0.928,0.12,0.955
11.166306972503662,0.205,0.868,0.093,0.897
11.176161050796509,0.212,0.819,0.072,0.849
11.186702013015747,0.212,0.786,0.059,0.816
11.196928977966309,0.208,0.765,0.048,0.794
11.20677900314331,0.2,0.759,0.037,0.786
11.240279197692871,0.191,0.773,0.018,0.796
11.240414142608643,0.191,0.773,0.018,0.796
11.24052619934082,0.191,0.773,0.018,0.796
11.246165037155151,0.187,0.788,0.022,0.81
11.256649017333984,0.174,0.8,0.033,0.819
11.266510009765625,0.147,0.796,0.046,0.811
11.276585102081299,0.12,0.776,0.061,0.788
11.286633968353271,0.113,0.746,0.08,0.759
11.297021865844727,0.124,0.714,0.104,0.732
11.307607173919678,0.148,0.694,0.136,0.723
11.318748950958252,0.192,0.693,0.177,0.741
11.340240955352783,0.329,0.73,0.336,0.868
11.340375900268555,0.329,0.73,0.336,0.868
11.346473217010498,0.413,0.781,0.45,0.991
11.361413955688477,0.524,0.873,0.565,1.164
11.366981029510498,0.634,0.978,0.602,1.312
11.3768150806427,0.726,1.084,0.601,1.436
11.387648105621338,0.798,1.17,0.591,1.535
11.397322177886963,0.82,1.197,0.534,1.546
11.407970905303955,0.764,1.174,0.417,1.461
11.4424729347229,0.396,1.076,0.051,1.148
11.442607879638672,0.396,1.076,0.051,1.148
11.4427170753479,0.396,1.076,0.051,1.148
11.446897983551025,0.307,0.962,0.04,1.011
11.457475185394287,0.29,0.832,0.168,0.897
11.46730899810791,0.313,0.809,0.45,0.977
11.477365016937256,0.228,1.081,0.707,1.312
11.4878990650177,0.002,1.506,0.74,1.678
11.49783992767334,-0.159,1.674,0.563,1.773
11.508241176605225,-0.173,1.58,0.304,1.618
11.542352199554443,0.101,1.099,-0.068,1.106
11.542490005493164,0.101,1.099,-0.068,1.106
11.542604923248291,0.101,1.099,-0.068,1.106
11.547229051589966,0.165,0.935,-0.083,0.953
11.557610034942627,0.208,0.794,-0.067,0.824
11.567643165588379,0.238,0.714,-0.051,0.754
11.577739000320435,0.261,0.69,-0.05,0.739
11.588391065597534,0.273,0.686,-0.056,0.74
11.59822416305542,0.286,0.689,-0.061,0.748
11.608416080474854,0.301,0.693,-0.066,0.758
11.620657920837402,0.324,0.704,-0.06,0.777
11.64690113067627,0.344,0.74,-0.023,0.816
11.647037982940674,0.344,0.74,-0.023,0.816
11.647965908050537,0.34,0.762,-0.012,0.834
11.661648035049438,0.337,0.798,-0.008,0.866
11.668196201324463,0.349,0.847,-0.012,0.916
11.678091049194336,0.375,0.907,-0.031,0.982
11.688053131103516,0.412,0.978,-0.074,1.064
11.698888063430786,0.451,1.054,-0.142,1.155
11.708800077438354,0.485,1.118,-0.232,1.241
11.720730066299438,0.501,1.149,-0.32,1.294
11.742767095565796,0.351,1.016,-0.281,1.111
11.742898941040039,0.351,1.016,-0.281,1.111
11.748045921325684,0.294,0.934,-0.198,0.999
11.761782169342041,0.268,0.861,-0.109,0.908
11.768723964691162,0.26,0.803,-0.038,0.845
11.778317928314209,0.249,0.763,0.012,0.803
11.789167881011963,0.235,0.745,0.041,0.782
11.798966884613037,0.221,0.763,0.05,0.796
11.809185028076172,0.209,0.812,0.048,0.84
11.843204975128174,0.21,1.061,0.044,1.082
11.843340873718262,0.21,1.061,0.044,1.082
11.843453884124756,0.21,1.061,0.044,1.082
11.848335027694702,0.217,1.119,0.066,1.142
11.858699083328247,0.221,1.143,0.089,1.168
11.868901014328003,0.227,1.131,0.105,1.158
11.879029989242554,0.237,1.088,0.11,1.119
11.888710021972656,0.252,1.029,0.101,1.064
11.899525165557861,0.273,0.961,0.069,1.001
11.909572124481201,0.304,0.897,0.022,0.947
11.945096969604492,0.381,0.804,-0.087,0.894
11.94523286819458,0.381,0.804,-0.087,0.894
11.945344924926758,0.381,0.804,-0.087,0.894
11.948710918426514,0.376,0.809,-0.098,0.897
11.959106922149658,0.351,0.83,-0.094,0.906
11.96919298171997,0.309,0.86,-0.084,0.918
11.979469060897827,0.265,0.891,-0.076,0.933
11.989243984222412,0.231,0.931,-0.07,0.962
12.000025033950806,0.211,0.984,-0.064,1.008
12.009754180908203,0.209,1.035,-0.061,1.058
12.02214503288269,0.215,1.076,-0.058,1.099
12.04710602760315,0.28,1.102,-0.062,1.139
12.047240018844604,0.28,1.102,-0.062,1.139
12.049109935760498,0.309,1.105,-0.069,1.149
12.061559200286865,0.333,1.104,-0.075,1.156
12.069478988647461,0.356,1.098,-0.072,1.157
12.079690933227539,0.38,1.093,-0.073,1.159
12.09015417098999,0.405,1.076,-0.077,1.152
12.099796056747437,0.441,1.036,-0.076,1.129
12.110381126403809,0.477,0.974,-0.065,1.086
12.144109010696411,0.537,0.81,0.01,0.972
12.144243001937866,0.537,0.81,0.01,0.972
12.144352912902832,0.537,0.81,0.01,0.972
12.1495840549469,0.593,0.831,0.006,1.021
12.15990400314331,0.665,0.901,-0.018,1.12
12.16993498802185,0.711,0.987,-0.043,1.217
12.180196046829224,0.701,1.065,-0.049,1.276
12.190805912017822,0.63,1.134,-0.037,1.298
12.200025081634521,0.499,1.182,-0.014,1.283
12.210834980010986,0.364,1.199,0.002,1.253
12.246803998947144,0.058,1.183,0.004,1.184
12.246939182281494,0.058,1.183,0.004,1.184
12.247051000595093,0.058,1.183,0.004,1.184
12.249897956848145,-0.006,1.134,-0.012,1.134
12.260282039642334,-0.048,1.072,-0.038,1.074
12.270318984985352,-0.067,1.004,-0.029,1.007
12.280508041381836,-0.062,0.947,0.004,0.949
12.291012048721313,-0.054,0.937,0.002,0.939
12.3005051612854,-0.031,0.952,-0.041,0.953
12.310933113098145,-0.005,0.994,-0.073,0.997
12.323373079299927,0.037,1.043,-0.109,1.049
12.349170207977295,0.11,1.132,-0.136,1.145
12.349303007125854,0.11,1.132,-0.136,1.145
12.350215911865234,0.101,1.15,-0.101,1.159
12.361263990402222,0.088,1.139,-0.034,1.143
12.370583057403564,0.088,1.106,0.04,1.11
12.380734920501709,0.094,1.067,0.103,1.076
12.390578985214233,0.098,1.034,0.141,1.048
12.401335000991821,0.107,1.007,0.163,1.026
12.41139006614685,0.121,0.991,0.164,1.012
12.423912048339844,0.134,0.987,0.145,1.007
12.44773006439209,0.159,0.979,0.07,0.994
12.447865009307861,0.159,0.979,0.07,0.994
12.450640201568604,0.161,0.966,0.036,0.98
12.460482120513916,0.16,0.943,0.012,0.957
12.471043109893799,0.148,0.915,-0.007,0.927
12.481110095977783,0.123,0.884,-0.015,0.893
12.491219997406006,0.092,0.843,-0.01,0.848
12.501630067825317,0.059,0.8,0.001,0.802
12.511656999588013,0.027,0.763,0.015,0.764
12.544865131378174,-0.037,0.713,0.055,0.716
12.544999122619629,-0.037,0.713,0.055,0.716
12.545109987258911,-0.037,0.713,0.055,0.716
12.551083087921143,-0.051,0.71,0.092,0.718
12.56129002571106,-0.061,0.716,0.14,0.732
12.57136607170105,-0.064,0.739,0.19,0.766
12.581515073776245,-0.057,0.793,0.235,0.829
12.5921790599823,-0.042,0.875,0.271,0.917
12.601593971252441,-0.013,0.953,0.306,1.001
12.612183094024658,0.033,1.019,0.352,1.079
12.64724588394165,0.4,1.113,0.338,1.23
12.647383213043213,0.4,1.113,0.338,1.23
12.647495031356812,0.4,1.113,0.338,1.23
12.65135407447815,0.55,1.085,0.217,1.236
12.661761999130249,0.644,1.04,0.096,1.227
12.671609878540039,0.654,1.011,0.036,1.205
12.681851863861084,0.585,1.002,0.037,1.161
12.69269609451294,0.498,0.977,0.071,1.099
12.701756000518799,0.418,0.919,0.112,1.016
12.712634086608887,0.338,0.852,0.147,0.928
12.748154163360596,0.397,0.939,0.433,1.108
12.74829387664795,0.397,0.939,0.433,1.108
12.748405933380127,0.397,0.939,0.433,1.108
12.75177812576294,0.451,1.234,0.441,1.386
12.76218318939209,0.501,1.543,0.383,1.667
12.771879196166992,0.591,1.738,0.298,1.86
12.782232999801636,0.719,1.732,0.227,1.889
12.792856216430664,0.769,1.472,0.145,1.667
12.802095890045166,0.685,1.151,0.074,1.341
12.813023090362549,0.554,0.965,0.022,1.113
12.848854064941406,0.163,0.752,-0.036,0.77
12.848989009857178,0.163,0.752,-0.036,0.77
12.849106073379517,0.163,0.752,-0.036,0.77
12.852124214172363,0.088,0.738,-0.052,0.745
12.862487077713013,0.054,0.735,-0.069,0.74
12.87233591079712,0.053,0.727,-0.084,0.734
12.882541179656982,0.06,0.72,-0.1,0.729
12.893007040023804,0.069,0.723,-0.103,0.734
12.902674198150635,0.083,0.732,-0.095,0.743
12.9133939743042,0.108,0.758,-0.08,0.77
12.946574211120605,0.165,0.982,-0.261,1.029
12.94670820236206,0.165,0.982,-0.261,1.029
12.946817874908447,0.165,0.982,-0.261,1.029
12.952616214752197,0.192,1.035,-0.386,1.121
12.96284294128418,0.237,1.038,-0.504,1.178
12.972854137420654,0.243,0.997,-0.606,1.192
12.982866048812866,0.173,0.937,-0.566,1.108
12.993574142456055,0.145,0.893,-0.423,0.999
13.003297090530396,0.158,0.857,-0.301,0.922
13.013882160186768,0.173,0.819,-0.212,0.864
13.04752492904663,0.192,0.827,0.004,0.849
13.047661066055298,0.192,0.827,0.004,0.849
13.047775030136108,0.192,0.827,0.004,0.849
13.053109169006348,0.217,0.899,0.075,0.928
13.06322717666626,0.246,0.988,0.126,1.026
13.073263168334961,0.261,1.054,0.143,1.095
13.083173036575317,0.256,1.083,0.132,1.121
13.09397006034851,0.229,1.076,0.121,1.107
13.10355520248413,0.196,1.05,0.107,1.073
13.113839149475098,0.168,1.016,0.092,1.034
13.147250175476074,0.161,0.926,0.038,0.941
13.1473970413208,0.161,0.926,0.038,0.941
13.147508144378662,0.161,0.926,0.038,0.941
13.153419017791748,0.185,0.912,0.007,0.931
13.163648128509521,0.212,0.908,-0.03,0.933
13.173573970794678,0.24,0.911,-0.066,0.944
13.183572053909302,0.267,0.923,-0.099,0.966
13.194345951080322,0.287,0.934,-0.128,0.985
13.20394515991211,0.301,0.945,-0.147,1.003
13.214123010635376,0.311,0.958,-0.155,1.019
13.247534036636353,0.28,0.97,-0.114,1.016
13.247671127319336,0.28,0.97,-0.114,1.016
13.247781038284302,0.28,0.97,-0.114,1.016
13.253972053527832,0.264,0.967,-0.097,1.007
13.263949871063232,0.254,0.964,-0.084,1.0
13.273958206176758,0.252,0.965,-0.074,1.0
13.283940076828003,0.262,0.969,-0.064,1.006
13.294655084609985,0.289,0.976,-0.061,1.02
13.30457592010498,0.327,0.988,-0.059,1.042
13.31442403793335,0.381,0.996,-0.066,1.068
13.34931993484497,0.582,1.019,-0.069,1.176
13.349454879760742,0.582,1.019,-0.069,1.176
13.349565982818604,0.582,1.019,-0.069,1.176
13.35421109199524,0.654,1.046,-0.039,1.234
13.364367961883545,0.696,1.055,-0.0,1.264
13.374490022659302,0.697,1.041,0.033,1.253
13.384145021438599,0.668,1.015,0.048,1.216
13.39482307434082,0.617,1.0,0.055,1.176
13.405152082443237,0.531,1.004,0.073,1.138
13.4147310256958,0.372,1.04,0.134,1.113
13.452388048171997,-0.0,1.171,0.167,1.183
13.452601909637451,-0.0,1.171,0.167,1.183
13.45276403427124,-0.0,1.171,0.167,1.183
13.454323053359985,-0.039,1.192,0.069,1.195
13.464686870574951,-0.063,1.217,-0.059,1.22
13.474711894989014,-0.078,1.254,-0.184,1.27
13.484622955322266,-0.085,1.281,-0.285,1.315
13.494801044464111,-0.096,1.285,-0.342,1.333
13.505713939666748,-0.107,1.282,-0.334,1.329
13.515273094177246,-0.106,1.251,-0.222,1.275
13.550976991653442,-0.129,1.031,0.551,1.176
13.551115036010742,-0.129,1.031,0.551,1.176
13.55122709274292,-0.129,1.031,0.551,1.176
13.554619073867798,-0.105,0.987,0.587,1.153
13.565391063690186,-0.023,1.008,0.49,1.121
13.575100898742676,0.09,1.064,0.348,1.123
13.585038185119629,0.155,1.048,0.218,1.082
13.595213890075684,0.198,0.992,0.143,1.022
13.606034994125366,0.233,0.931,0.121,0.967
13.615591049194336,0.245,0.881,0.12,0.922
13.648575067520142,0.19,0.807,0.097,0.835
13.648711204528809,0.19,0.807,0.097,0.835
13.648820877075195,0.19,0.807,0.097,0.835
13.655179023742676,0.176,0.789,0.076,0.812
13.665560007095337,0.172,0.773,0.061,0.794
13.675397872924805,0.171,0.754,0.055,0.775
13.685353994369507,0.169,0.737,0.062,0.759
13.695495128631592,0.162,0.72,0.083,0.743
13.706247091293335,0.151,0.703,0.11,0.727
13.715842008590698,0.13,0.699,0.128,0.722
13.748602867126465,0.079,0.698,0.157,0.72
13.74874210357666,0.079,0.698,0.157,0.72
13.748854160308838,0.079,0.698,0.157,0.72
13.75557804107666,0.097,0.694,0.199,0.728
13.765716075897217,0.128,0.707,0.256,0.763
13.775846004486084,0.163,0.735,0.32,0.818
13.785713195800781,0.204,0.772,0.379,0.884
13.796545028686523,0.272,0.813,0.422,0.956
13.806443214416504,0.363,0.86,0.432,1.029
13.816418170928955,0.459,0.917,0.393,1.098
13.849701881408691,0.818,1.117,0.306,1.418
13.849837064743042,0.818,1.117,0.306,1.418
13.849947929382324,0.818,1.117,0.306,1.418
13.8558349609375,0.882,1.156,0.305,1.486
13.866083145141602,0.869,1.16,0.283,1.477
13.876344203948975,0.795,1.129,0.242,1.402
13.886126041412354,0.68,1.069,0.208,1.284
13.89668893814087,0.545,1.006,0.217,1.165
13.906786918640137,0.447,0.982,0.331,1.129
13.917159080505371,0.437,1.027,0.534,1.237
13.954077005386353,0.314,1.355,0.459,1.465
13.954269886016846,0.314,1.355,0.459,1.465
13.954430103302002,0.314,1.355,0.459,1.465
13.956243991851807,0.17,1.316,0.296,1.36
13.966796875,0.067,1.22,0.204,1.239
13.976638078689575,0.059,1.111,0.097,1.117
13.98662805557251,0.112,0.998,-0.015,1.004
13.996707916259766,0.169,0.896,-0.091,0.916
14.007337093353271,0.188,0.852,-0.157,0.887
14.017507076263428,0.161,0.876,-0.228,0.919
14.052090167999268,0.061,0.934,-0.315,0.988
14.052225112915039,0.061,0.934,-0.315,0.988
14.052335023880005,0.061,0.934,-0.315,0.988
14.056612968444824,0.054,0.902,-0.274,0.944
14.06708288192749,0.056,0.866,-0.217,0.895
14.076961994171143,0.064,0.84,-0.168,0.859
14.086795091629028,0.08,0.82,-0.141,0.836
14.097601890563965,0.111,0.819,-0.141,0.838
14.107369899749756,0.154,0.829,-0.173,0.861
14.117294073104858,0.198,0.852,-0.225,0.903
14.154236078262329,0.44,0.873,-0.387,1.051
14.154383182525635,0.44,0.873,-0.387,1.051
14.1544930934906,0.44,0.873,-0.387,1.051
14.157185077667236,0.432,0.867,-0.378,1.04
14.167332172393799,0.368,0.882,-0.302,1.002
14.1773681640625,0.337,0.902,-0.207,0.985
14.187268018722534,0.336,0.94,-0.086,1.002
14.197434902191162,0.333,0.995,0.081,1.052
14.208152055740356,0.319,1.046,0.229,1.117
14.21825909614563,0.287,1.076,0.341,1.165
14.256094932556152,0.208,1.058,0.292,1.117
14.25623106956482,0.208,1.058,0.292,1.117
14.256341934204102,0.208,1.058,0.292,1.117
14.257655143737793,0.201,1.031,0.202,1.07
14.267648220062256,0.204,0.987,0.1,1.013
14.277559995651245,0.217,0.943,-0.003,0.968
14.287405014038086,0.226,0.911,-0.104,0.944
14.297749042510986,0.23,0.897,-0.158,0.939
14.308314085006714,0.242,0.894,-0.159,0.94
14.317949056625366,0.267,0.891,-0.129,0.939
14.355254173278809,0.357,0.881,-0.082,0.954
14.355395078659058,0.357,0.881,-0.082,0.954
14.355508089065552,0.357,0.881,-0.082,0.954
14.357664108276367,0.377,0.878,-0.095,0.96
14.367966175079346,0.39,0.88,-0.111,0.969
14.378046989440918,0.379,0.887,-0.104,0.97
14.388015985488892,0.348,0.892,-0.068,0.96
14.398845195770264,0.317,0.889,-0.019,0.944
14.408565998077393,0.29,0.878,0.023,0.925
14.418251037597656,0.267,0.878,0.058,0.92
14.453756093978882,0.305,0.982,0.089,1.032
14.453890085220337,0.305,0.982,0.089,1.032
14.45400094985962,0.305,0.982,0.089,1.032
14.457900047302246,0.346,1.008,0.057,1.067
14.468306064605713,0.394,1.023,0.011,1.096
14.478760004043579,0.435,1.025,-0.038,1.114
14.488323211669922,0.461,1.021,-0.08,1.123
14.49907112121582,0.478,1.013,-0.101,1.125
14.508740901947021,0.492,1.002,-0.099,1.121
14.518699169158936,0.495,0.988,-0.08,1.108
14.558020114898682,0.545,1.09,-0.034,1.219
14.558465003967285,0.545,1.09,-0.034,1.219
14.55863904953003,0.545,1.09,-0.034,1.219
14.559871196746826,0.545,1.09,-0.034,1.219
14.568675994873047,0.524,1.095,0.007,1.214
14.579089164733887,0.473,1.074,0.042,1.174
14.588742017745972,0.42,1.044,0.059,1.127
14.599502086639404,0.359,1.008,0.068,1.072
14.609328985214233,0.292,0.964,0.086,1.011
14.61905288696289,0.224,0.934,0.118,0.968
14.657945156097412,0.064,0.957,0.128,0.968
14.6581711769104,0.064,0.957,0.128,0.968
14.658329010009766,0.064,0.957,0.128,0.968
14.659730911254883,0.041,0.998,0.051,1.0
14.669058084487915,0.032,1.049,-0.058,1.051
14.679241180419922,0.028,1.105,-0.168,1.118
14.689103126525879,0.021,1.147,-0.252,1.175
14.69980001449585,0.019,1.165,-0.295,1.202
14.709601879119873,0.032,1.164,-0.278,1.197
14.719485998153687,0.054,1.152,-0.196,1.17
14.755434036254883,0.205,1.214,0.421,1.301
14.755573987960815,0.205,1.214,0.421,1.301
14.755682945251465,0.205,1.214,0.421,1.301
14.759238004684448,0.339,1.206,0.525,1.358
14.769432067871094,0.446,1.139,0.485,1.316
14.779630184173584,0.519,1.064,0.391,1.247
14.789687156677246,0.558,0.995,0.304,1.181
14.800218105316162,0.567,0.937,0.216,1.116
14.810214042663574,0.558,0.886,0.144,1.057
14.820237159729004,0.523,0.853,0.103,1.006
14.856654167175293,0.392,0.821,0.05,0.911
14.856789112091064,0.392,0.821,0.05,0.911
14.856898069381714,0.392,0.821,0.05,0.911
14.859449863433838,0.358,0.833,0.044,0.908
14.869543075561523,0.328,0.852,0.043,0.914
14.879907131195068,0.308,0.862,0.053,0.917
14.890058040618896,0.285,0.857,0.07,0.906
14.899906158447266,0.245,0.824,0.088,0.864
14.910439014434814,0.2,0.773,0.101,0.805
14.92039704322815,0.159,0.721,0.098,0.745
14.956264972686768,0.11,0.561,0.082,0.578
14.956409931182861,0.11,0.561,0.082,0.578
14.956521034240723,0.11,0.561,0.082,0.578
14.959870100021362,0.109,0.529,0.1,0.549
14.970176219940186,0.11,0.515,0.137,0.544
14.980375051498413,0.115,0.526,0.193,0.572
14.990539073944092,0.137,0.574,0.257,0.644
15.000193119049072,0.182,0.652,0.316,0.747
15.01105809211731,0.245,0.741,0.361,0.86
15.02091121673584,0.32,0.828,0.355,0.956
15.058243036270142,0.533,0.985,0.295,1.158
15.058381080627441,0.533,0.985,0.295,1.158
15.058492183685303,0.533,0.985,0.295,1.158
15.060194969177246,0.597,1.028,0.306,1.228
15.070526123046875,0.658,1.058,0.319,1.286
15.080774068832397,0.701,1.077,0.32,1.324
15.090835094451904,0.718,1.066,0.288,1.317
15.100924968719482,0.714,1.016,0.239,1.265
15.111224174499512,0.685,0.945,0.204,1.185
15.120951175689697,0.63,0.871,0.195,1.093
15.15805196762085,0.508,0.836,0.446,1.075
15.158189058303833,0.508,0.836,0.446,1.075
15.158300876617432,0.508,0.836,0.446,1.075
15.160598993301392,0.624,1.191,0.622,1.481
15.170845031738281,0.658,1.613,0.585,1.838
15.18092393875122,0.503,1.905,0.507,2.034
15.190973043441772,0.358,1.987,0.338,2.047
15.201332092285156,0.279,1.81,0.229,1.846
15.211822032928467,0.267,1.481,0.167,1.514
15.221266984939575,0.27,1.136,0.094,1.171
15.23335313796997,0.283,0.853,0.036,0.899
15.256887912750244,0.282,0.528,-0.061,0.602
15.257023096084595,0.282,0.528,-0.061,0.602
15.260945081710815,0.266,0.448,-0.119,0.534
15.276657104492188,0.253,0.402,-0.182,0.509
15.281393051147461,0.237,0.403,-0.241,0.526
15.291264057159424,0.215,0.479,-0.283,0.596
15.301600933074951,0.186,0.606,-0.289,0.697
15.311426162719727,0.165,0.721,-0.247,0.78
15.322431087493896,0.166,0.809,-0.189,0.847
15.354803085327148,0.205,1.021,-0.185,1.058
15.354939937591553,0.205,1.021,-0.185,1.058
15.355051040649414,0.205,1.021,-0.185,1.058
15.36129093170166,0.209,1.097,-0.249,1.144
15.371506214141846,0.221,1.164,-0.328,1.229
15.381794929504395,0.25,1.181,-0.408,1.274
15.391758918762207,0.281,1.129,-0.45,1.247
15.401959896087646,0.287,1.016,-0.431,1.14
15.412293910980225,0.268,0.886,-0.35,0.99
15.422507047653198,0.235,0.805,-0.248,0.875
15.457957983016968,0.222,0.775,-0.019,0.806
15.458096027374268,0.222,0.775,-0.019,0.806
15.458208084106445,0.222,0.775,-0.019,0.806
15.461714029312134,0.252,0.836,0.05,0.875
15.472072124481201,0.298,0.935,0.114,0.988
15.482073068618774,0.346,1.049,0.158,1.116
15.492061138153076,0.376,1.131,0.174,1.204
15.502301216125488,0.389,1.166,0.164,1.24
15.512814044952393,0.391,1.163,0.134,1.234
15.523045063018799,0.382,1.119,0.094,1.186
15.556729078292847,0.296,0.903,-0.019,0.95
15.556864023208618,0.296,0.903,-0.019,0.95
15.5569748878479,0.296,0.903,-0.019,0.95
15.562169075012207,0.28,0.873,-0.057,0.919
15.572359085083008,0.267,0.868,-0.099,0.914
15.582526206970215,0.255,0.88,-0.138,0.927
15.59254789352417,0.241,0.903,-0.162,0.949
15.602516174316406,0.231,0.919,-0.155,0.96
15.613274097442627,0.234,0.918,-0.108,0.953
15.623106002807617,0.252,0.906,-0.053,0.942
15.658230066299438,0.368,0.904,0.015,0.976
15.658367156982422,0.368,0.904,0.015,0.976
15.658480167388916,0.368,0.904,0.015,0.976
15.662691116333008,0.4,0.907,0.019,0.991
15.67267894744873,0.415,0.899,0.029,0.991
15.682873010635376,0.418,0.88,0.04,0.975
15.692914962768555,0.413,0.858,0.053,0.954
15.702900886535645,0.41,0.84,0.063,0.937
15.713742017745972,0.414,0.84,0.069,0.939
15.723428010940552,0.43,0.861,0.063,0.964
15.735773086547852,0.455,0.894,0.049,1.004
15.760868072509766,0.511,0.971,-0.026,1.098
15.761000156402588,0.511,0.971,-0.026,1.098
15.763062000274658,0.532,1.006,-0.077,1.141
15.776331901550293,0.538,1.021,-0.11,1.159
15.783220052719116,0.541,1.026,-0.128,1.167
15.793147087097168,0.565,1.042,-0.147,1.194
15.803314208984375,0.607,1.064,-0.142,1.233
15.814126014709473,0.645,1.072,-0.106,1.256
15.823705196380615,0.659,1.063,-0.06,1.252
15.857728004455566,0.554,1.054,-0.012,1.191
15.85786509513855,0.554,1.054,-0.012,1.191
15.857975959777832,0.554,1.054,-0.012,1.191
15.863574981689453,0.458,1.064,-0.016,1.158
15.87355089187622,0.36,1.069,-0.026,1.128
15.88354206085205,0.268,1.082,-0.029,1.115
15.893640995025635,0.168,1.1,-0.032,1.113
15.904316902160645,0.061,1.123,-0.025,1.125
15.91410493850708,-0.041,1.148,-0.009,1.149
15.92424201965332,-0.116,1.178,-0.03,1.184
15.936307907104492,-0.165,1.218,-0.082,1.232
15.960966110229492,-0.188,1.259,-0.156,1.282
15.961100101470947,-0.188,1.259,-0.156,1.282
15.963808059692383,-0.218,1.256,-0.123,1.281
15.976145029067993,-0.269,1.241,0.009,1.27
15.983875036239624,-0.323,1.206,0.231,1.27
15.993848085403442,-0.36,1.151,0.424,1.278
16.003963947296143,-0.356,1.077,0.497,1.238
16.01457905769348,-0.283,0.997,0.443,1.127
16.024736881256104,-0.185,0.928,0.343,1.007
16.036845207214355,-0.08,0.937,0.234,0.969
16.061456203460693,0.068,0.988,0.074,0.993
16.06159496307373,0.068,0.988,0.074,0.993
16.06398105621338,0.111,0.953,0.048,0.961
16.076637983322144,0.147,0.918,0.048,0.931
16.084317207336426,0.179,0.887,0.07,0.908
16.094172954559326,0.204,0.86,0.09,0.888
16.10519504547119,0.218,0.841,0.107,0.875
16.114888191223145,0.221,0.83,0.114,0.866
16.125224113464355,0.226,0.819,0.115,0.857
16.159082889556885,0.214,0.791,0.117,0.828
16.15922212600708,0.214,0.791,0.117,0.828
16.159332990646362,0.214,0.791,0.117,0.828
16.164288997650146,0.196,0.786,0.105,0.817
16.174865007400513,0.174,0.78,0.096,0.805
16.18466806411743,0.145,0.76,0.097,0.78
16.194737911224365,0.115,0.707,0.104,0.724
16.20466899871826,0.108,0.639,0.113,0.658
16.21527910232544,0.131,0.581,0.134,0.61
16.22550392150879,0.153,0.562,0.153,0.602
16.237701892852783,0.177,0.585,0.175,0.636
16.26338815689087,0.247,0.687,0.228,0.765
16.26352596282959,0.247,0.687,0.228,0.765
16.264620065689087,0.302,0.738,0.244,0.834
16.276408195495605,0.379,0.788,0.251,0.91
16.285072088241577,0.461,0.834,0.251,0.985
16.29506015777588,0.548,0.89,0.236,1.071
16.30516290664673,0.643,0.957,0.218,1.173
16.3155300617218,0.724,1.039,0.216,1.285
16.326087951660156,0.797,1.121,0.252,1.398
16.337889194488525,0.872,1.177,0.318,1.499
16.36201500892639,0.931,1.134,0.419,1.526
16.362149000167847,0.931,1.134,0.419,1.526
16.36498999595642,0.901,1.043,0.427,1.443
16.375543117523193,0.834,0.934,0.428,1.323
16.38544201850891,0.74,0.866,0.444,1.223
16.395448207855225,0.664,0.894,0.494,1.218
16.405529022216797,0.641,1.061,0.511,1.341
16.415915966033936,0.596,1.281,0.41,1.471
16.426318168640137,0.504,1.461,0.239,1.564
16.46100616455078,0.357,1.149,0.032,1.204
16.461145877838135,0.357,1.149,0.032,1.204
16.461255073547363,0.357,1.149,0.032,1.204
16.465368032455444,0.319,0.915,0.063,0.971
16.4759840965271,0.278,0.778,0.054,0.828
16.485787868499756,0.224,0.704,0.031,0.739
16.49585509300232,0.183,0.683,-0.009,0.707
16.505823135375977,0.171,0.691,-0.053,0.714
16.51625919342041,0.181,0.706,-0.08,0.733
16.52647113800049,0.199,0.733,-0.086,0.764
16.559581995010376,0.213,0.9,-0.13,0.934
16.559718132019043,0.213,0.9,-0.13,0.934
16.55983304977417,0.213,0.9,-0.13,0.934
16.565876007080078,0.217,0.938,-0.162,0.976
16.576050996780396,0.219,0.951,-0.182,0.993
16.58602499961853,0.223,0.95,-0.193,0.995
16.596271991729736,0.229,0.949,-0.212,0.999
16.606255054473877,0.238,0.959,-0.235,1.016
16.61680507659912,0.253,0.97,-0.262,1.036
16.626923084259033,0.293,0.965,-0.286,1.048
16.664513111114502,0.738,1.201,0.789,1.615
16.66464900970459,0.738,1.201,0.789,1.615
16.664762020111084,0.738,1.201,0.789,1.615
16.666118144989014,0.482,0.88,0.201,1.023
16.67645788192749,0.315,0.788,-0.172,0.866
16.68677520751953,0.28,0.813,-0.157,0.874
16.696588039398193,0.256,0.813,-0.198,0.875
16.706619024276733,0.24,0.832,-0.224,0.894
16.71735191345215,0.218,0.864,-0.246,0.924
16.727171897888184,0.195,0.904,-0.267,0.963
16.763139009475708,0.146,1.035,-0.32,1.093
16.76327610015869,0.146,1.035,-0.32,1.093
16.76344394683838,0.146,1.035,-0.32,1.093
16.766505002975464,0.132,1.042,-0.31,1.095
16.77692699432373,0.131,1.018,-0.272,1.062
16.787046909332275,0.148,0.965,-0.223,1.001
16.79709815979004,0.182,0.909,-0.177,0.944
16.80706787109375,0.224,0.875,-0.133,0.913
16.817496061325073,0.266,0.87,-0.09,0.914
16.82754611968994,0.304,0.884,-0.042,0.936
16.86412000656128,0.377,0.964,0.097,1.04
16.864259004592896,0.377,0.964,0.097,1.04
16.864369869232178,0.377,0.964,0.097,1.04
16.866880893707275,0.382,0.984,0.144,1.065
16.877333164215088,0.375,0.992,0.181,1.076
16.88724708557129,0.361,0.986,0.198,1.069
16.897284984588623,0.348,0.967,0.185,1.044
16.90738821029663,0.341,0.946,0.144,1.016
16.91792917251587,0.331,0.932,0.09,0.993
16.92771601676941,0.321,0.931,0.032,0.985
16.963901042938232,0.314,0.96,-0.1,1.015
16.964035987854004,0.314,0.96,-0.1,1.015
16.964153051376343,0.314,0.96,-0.1,1.015
16.9672532081604,0.321,0.968,-0.123,1.027
16.977713108062744,0.328,0.971,-0.137,1.034
16.987550020217896,0.336,0.967,-0.142,1.034
16.997733116149902,0.345,0.959,-0.139,1.029
17.007730960845947,0.352,0.944,-0.13,1.016
17.018296003341675,0.359,0.926,-0.122,1.001
17.028264045715332,0.373,0.91,-0.115,0.99
17.064760208129883,0.435,0.874,-0.126,0.984
17.064895153045654,0.435,0.874,-0.126,0.984
17.065006017684937,0.435,0.874,-0.126,0.984
17.067697048187256,0.459,0.87,-0.115,0.99
17.077887058258057,0.481,0.869,-0.089,0.997
17.087982177734375,0.522,0.89,-0.072,1.034
17.09814691543579,0.579,0.925,-0.06,1.093
17.10817003250122,0.632,0.957,-0.034,1.147
17.118854999542236,0.657,0.983,-0.007,1.182
17.128692150115967,0.652,1.005,0.009,1.198
17.168230056762695,0.334,1.092,0.061,1.144
17.168437004089355,0.334,1.092,0.061,1.144
17.168565034866333,0.334,1.092,0.061,1.144
17.16962718963623,0.334,1.092,0.061,1.144
17.17822790145874,0.218,1.148,0.114,1.174
17.18836498260498,0.112,1.201,0.19,1.221
17.19854211807251,0.045,1.245,0.218,1.265
17.208477020263672,-0.003,1.266,0.147,1.275
17.21885395050049,-0.041,1.273,0.029,1.274
17.229077100753784,-0.071,1.266,-0.081,1.271
17.263885974884033,-0.122,1.16,-0.114,1.172
17.26401996612549,-0.122,1.16,-0.114,1.172
17.26415205001831,-0.122,1.16,-0.114,1.172
17.268460988998413,-0.117,1.088,0.001,1.094
17.278847217559814,-0.099,1.014,0.151,1.03
17.288852214813232,-0.066,0.956,0.279,0.998
17.298637866973877,0.0,0.911,0.385,0.989
17.30946111679077,0.111,0.928,0.439,1.033
17.318711042404175,0.238,0.977,0.417,1.089
17.329473972320557,0.319,0.981,0.355,1.091
17.36517095565796,0.43,0.947,0.17,1.054
17.36531114578247,0.43,0.947,0.17,1.054
17.36542510986328,0.43,0.947,0.17,1.054
17.368770122528076,0.45,0.926,0.128,1.037
17.379127979278564,0.452,0.907,0.097,1.018
17.389130115509033,0.433,0.893,0.076,0.995
17.399018049240112,0.399,0.881,0.069,0.97
17.409241199493408,0.362,0.861,0.075,0.937
17.419975996017456,0.331,0.83,0.087,0.898
17.429407119750977,0.299,0.804,0.1,0.864
17.46650218963623,0.189,0.763,0.126,0.796
17.466636180877686,0.189,0.763,0.126,0.796
17.466747045516968,0.189,0.763,0.126,0.796
17.46909999847412,0.154,0.77,0.108,0.793
17.479120016098022,0.14,0.768,0.079,0.785
17.48949408531189,0.141,0.746,0.065,0.762
17.49947214126587,0.143,0.723,0.069,0.74
17.509840965270996,0.14,0.701,0.099,0.722
17.520493984222412,0.138,0.692,0.15,0.721
17.53008794784546,0.14,0.698,0.215,0.744
17.5658700466156,0.307,0.821,0.423,0.973
17.566007137298584,0.307,0.821,0.423,0.973
17.566120147705078,0.307,0.821,0.423,0.973
17.569401025772095,0.415,0.855,0.444,1.049
17.57988214492798,0.531,0.871,0.418,1.102
17.589900016784668,0.647,0.869,0.368,1.144
17.599847078323364,0.761,0.859,0.34,1.197
17.610104084014893,0.855,0.859,0.379,1.27
17.620662212371826,0.925,0.877,0.454,1.353
17.630205154418945,0.942,0.918,0.466,1.395
17.667473077774048,0.645,1.06,0.109,1.246
17.667614936828613,0.645,1.06,0.109,1.246
17.66772699356079,0.645,1.06,0.109,1.246
17.66983413696289,0.552,1.005,0.074,1.149
17.680243015289307,0.483,0.9,0.14,1.031
17.690351009368896,0.449,0.802,0.279,0.961
17.700155019760132,0.452,0.788,0.432,1.006
17.710515022277832,0.474,0.913,0.492,1.14
17.72099018096924,0.491,1.116,0.432,1.294
17.73040509223938,0.47,1.313,0.29,1.424
17.769453048706055,0.368,1.273,0.143,1.333
17.76962399482727,0.368,1.273,0.143,1.333
17.76973605155945,0.368,1.273,0.143,1.333
17.771018028259277,0.371,1.132,0.127,1.198
17.78049087524414,0.356,0.985,0.093,1.051
17.79170298576355,0.338,0.855,0.047,0.921
17.800607204437256,0.324,0.772,0.008,0.837
17.8110032081604,0.311,0.748,-0.011,0.81
17.821429014205933,0.315,0.76,-0.018,0.823
17.83098006248474,0.337,0.788,-0.017,0.857
17.867599964141846,0.413,0.86,-0.029,0.954
17.867736101150513,0.413,0.86,-0.029,0.954
17.86784601211548,0.413,0.86,-0.029,0.954
17.870634078979492,0.404,0.858,-0.056,0.95
17.880710124969482,0.382,0.844,-0.076,0.93
17.891047954559326,0.361,0.828,-0.069,0.906
17.90096092224121,0.345,0.824,-0.059,0.895
17.91116189956665,0.339,0.833,-0.063,0.902
17.921853065490723,0.345,0.852,-0.077,0.922
17.931300163269043,0.356,0.88,-0.114,0.956
17.966602087020874,0.43,0.954,-0.284,1.084
17.966740131378174,0.43,0.954,-0.284,1.084
17.966888904571533,0.43,0.954,-0.284,1.084
17.97100019454956,0.456,0.931,-0.305,1.081
17.9812970161438,0.446,0.886,-0.266,1.027
17.991427898406982,0.413,0.843,-0.188,0.957
18.001501083374023,0.385,0.817,-0.122,0.911
18.01140594482422,0.366,0.802,-0.077,0.885
18.02202010154724,0.351,0.801,-0.056,0.876
18.03154420852661,0.342,0.829,-0.055,0.898
18.06810998916626,0.363,0.979,-0.075,1.047
18.068251132965088,0.363,0.979,-0.075,1.047
18.0683650970459,0.363,0.979,-0.075,1.047
18.071617126464844,0.377,1.015,-0.056,1.084
18.081642150878906,0.388,1.042,-0.017,1.112
18.09178590774536,0.393,1.053,0.042,1.125
18.101569175720215,0.393,1.042,0.1,1.118
18.111850023269653,0.388,1.011,0.141,1.092
18.122747898101807,0.382,0.973,0.156,1.057
18.13174819946289,0.381,0.944,0.133,1.027
18.170170068740845,0.403,0.902,0.022,0.988
18.17030906677246,0.403,0.902,0.022,0.988
18.170423984527588,0.403,0.902,0.022,0.988
18.171943187713623,0.416,0.9,0.004,0.991
18.181756019592285,0.429,0.894,0.004,0.992
18.19222402572632,0.442,0.88,0.017,0.985
18.202044010162354,0.453,0.861,0.033,0.973
18.212207078933716,0.464,0.844,0.048,0.964
18.223149061203003,0.474,0.835,0.06,0.962
18.232151985168457,0.478,0.83,0.066,0.96
18.2725510597229,0.402,0.881,0.042,0.969
18.272839069366455,0.402,0.881,0.042,0.969
18.27300000190735,0.402,0.881,0.042,0.969
18.27437686920166,0.402,0.881,0.042,0.969
18.28233814239502,0.379,0.895,0.018,0.972
18.292546033859253,0.366,0.901,-0.002,0.973
18.302352905273438,0.362,0.899,-0.02,0.969
18.31328010559082,0.367,0.895,-0.033,0.968
18.323394060134888,0.38,0.887,-0.043,0.966
18.332516193389893,0.401,0.876,-0.046,0.965
18.37023115158081,0.455,0.818,-0.039,0.937
18.370373010635376,0.455,0.818,-0.039,0.937
18.37048602104187,0.455,0.818,-0.039,0.937
18.37268304824829,0.467,0.81,-0.035,0.936
18.382694005966187,0.485,0.812,-0.033,0.946
18.392781019210815,0.507,0.824,-0.032,0.968
18.40278720855713,0.514,0.84,-0.034,0.985
18.412965059280396,0.509,0.858,-0.046,0.999
18.42379903793335,0.493,0.876,-0.063,1.007
18.432895183563232,0.471,0.899,-0.087,1.019
18.46873188018799,0.403,1.037,-0.186,1.128
18.468865871429443,0.403,1.037,-0.186,1.128
18.468976974487305,0.403,1.037,-0.186,1.128
18.47304105758667,0.382,1.106,-0.232,1.193
18.483113050460815,0.357,1.183,-0.28,1.267
18.493391036987305,0.319,1.255,-0.327,1.336
18.503164052963257,0.262,1.318,-0.342,1.387
18.513290882110596,0.19,1.355,-0.267,1.394
18.524005889892578,0.149,1.327,-0.114,1.34
18.53330707550049,0.145,1.225,0.053,1.235
18.570372104644775,0.089,0.936,0.251,0.973
18.570508003234863,0.089,0.936,0.251,0.973
18.57063603401184,0.089,0.936,0.251,0.973
18.5731680393219,0.054,0.898,0.266,0.938
18.583617210388184,0.023,0.873,0.302,0.924
18.59364104270935,0.014,0.855,0.323,0.914
18.60358715057373,0.048,0.849,0.275,0.894
18.61409902572632,0.119,0.864,0.178,0.89
18.624188899993896,0.201,0.904,0.086,0.93
18.63386821746826,0.279,0.93,0.037,0.972
18.674161911010742,0.389,0.977,-0.006,1.052
18.674356937408447,0.389,0.977,-0.006,1.052
18.674528121948242,0.389,0.977,-0.006,1.052
18.674682140350342,0.389,0.977,-0.006,1.052
18.6839919090271,0.41,1.016,0.017,1.096
18.694077968597412,0.436,1.051,0.042,1.139
18.703866958618164,0.466,1.067,0.067,1.166
18.71466898918152,0.491,1.049,0.092,1.162
18.72426700592041,0.505,1.002,0.115,1.128
18.734580993652344,0.504,0.942,0.136,1.077
18.768535137176514,0.419,0.841,0.184,0.957
18.768672943115234,0.419,0.841,0.184,0.957
18.76878595352173,0.419,0.841,0.184,0.957
18.773877143859863,0.386,0.842,0.179,0.943
18.784417152404785,0.365,0.853,0.17,0.943
18.794332027435303,0.353,0.863,0.16,0.946
18.80426788330078,0.341,0.878,0.156,0.955
18.814439058303833,0.331,0.901,0.149,0.971
18.825103998184204,0.317,0.928,0.137,0.99
18.835047006607056,0.303,0.948,0.123,1.003
18.870572090148926,0.266,0.915,0.086,0.957
18.870707988739014,0.266,0.915,0.086,0.957
18.870819091796875,0.266,0.915,0.086,0.957
18.87434196472168,0.253,0.89,0.076,0.928
18.88489007949829,0.242,0.87,0.069,0.906
18.8947491645813,0.233,0.864,0.064,0.897
18.904675006866455,0.224,0.871,0.063,0.902
18.914597034454346,0.217,0.89,0.07,0.919
18.925546169281006,0.216,0.908,0.084,0.937
18.935105085372925,0.221,0.915,0.104,0.947
18.971378087997437,0.294,0.914,0.19,0.979
18.971513986587524,0.294,0.914,0.19,0.979
18.97163200378418,0.294,0.914,0.19,0.979
18.974683046340942,0.332,0.923,0.208,1.003
18.984896183013916,0.373,0.931,0.222,1.027
18.995354175567627,0.415,0.933,0.238,1.049
19.004926204681396,0.451,0.932,0.253,1.066
19.015028953552246,0.473,0.935,0.257,1.079
19.02574586868286,0.479,0.939,0.232,1.079
19.0355281829834,0.471,0.931,0.186,1.06
19.07294988632202,0.394,0.891,0.054,0.976
19.073089122772217,0.394,0.891,0.054,0.976
19.0731999874115,0.394,0.891,0.054,0.976
19.075046062469482,0.38,0.882,0.032,0.961
19.085294008255005,0.373,0.889,0.019,0.964
19.095752000808716,0.37,0.916,0.026,0.988
19.105364084243774,0.369,0.964,0.047,1.033
19.11542510986328,0.368,1.038,0.085,1.105
19.12605094909668,0.355,1.135,0.139,1.197
19.13619303703308,0.34,1.211,0.194,1.273
19.16989803314209,0.305,1.088,0.223,1.152
19.17003607749939,0.305,1.088,0.223,1.152
19.170146942138672,0.305,1.088,0.223,1.152
19.1753511428833,0.282,1.001,0.165,1.053
19.185460090637207,0.253,0.952,0.096,0.99
19.196127891540527,0.231,0.946,0.031,0.974
19.205796003341675,0.223,0.957,-0.015,0.983
19.215841054916382,0.221,0.955,-0.03,0.981
19.226550102233887,0.212,0.935,-0.016,0.959
19.236627101898193,0.171,0.864,0.069,0.883
19.2487211227417,0.167,0.86,0.032,0.877
19.272927045822144,0.171,0.914,-0.037,0.931
19.27306318283081,0.171,0.914,-0.037,0.931
19.27569818496704,0.183,0.923,-0.035,0.942
19.290868043899536,0.217,0.952,-0.0,0.976
19.296272039413452,0.251,0.979,0.038,1.011
19.306025981903076,0.279,0.982,0.062,1.023
19.316224098205566,0.305,0.967,0.061,1.016
19.32680320739746,0.327,0.937,0.046,0.993
19.337042093276978,0.346,0.897,0.032,0.962
19.371692180633545,0.427,0.868,-0.032,0.968
19.371828079223633,0.427,0.868,-0.032,0.968
19.37194013595581,0.427,0.868,-0.032,0.968
19.376093864440918,0.427,0.869,-0.064,0.97
19.386455059051514,0.397,0.855,-0.05,0.944
19.396619081497192,0.348,0.846,-0.013,0.915
19.40670394897461,0.305,0.864,0.023,0.917
19.41704511642456,0.283,0.917,0.078,0.963
19.42706799507141,0.261,0.967,0.102,1.007
19.436960220336914,0.241,1.006,0.102,1.039
19.472576141357422,0.177,0.982,-0.068,1.0
19.472711086273193,0.177,0.982,-0.068,1.0
19.472824096679688,0.177,0.982,-0.068,1.0
19.476491928100586,0.175,0.968,-0.104,0.989
19.48685908317566,0.202,0.992,-0.115,1.019
19.49703598022461,0.233,0.989,-0.099,1.021
19.507169008255005,0.257,0.981,-0.092,1.018
19.51678991317749,0.301,0.991,-0.156,1.047
19.527653217315674,0.346,0.993,-0.129,1.059
19.537391185760498,0.371,0.98,-0.101,1.053
19.549500942230225,0.384,0.951,-0.05,1.027
19.573638916015625,0.385,0.929,0.071,1.008
19.573770999908447,0.385,0.929,0.071,1.008
19.57683801651001,0.379,0.928,0.118,1.009
19.59068489074707,0.375,0.921,0.146,1.005
19.59726309776306,0.364,0.921,0.156,1.003
19.60741400718689,0.351,0.934,0.146,1.008
19.617332935333252,0.339,0.957,0.12,1.022
19.628014087677002,0.338,0.997,0.088,1.056
19.63784098625183,0.338,1.02,0.044,1.075
19.67460608482361,0.306,0.969,-0.091,1.02
19.67474102973938,0.306,0.969,-0.091,1.02
19.674851894378662,0.306,0.969,-0.091,1.02
19.67724895477295,0.297,0.957,-0.127,1.01
19.68755292892456,0.289,0.954,-0.152,1.008
19.697614192962646,0.279,0.944,-0.168,0.999
19.707881927490234,0.272,0.919,-0.172,0.974
19.71783208847046,0.277,0.904,-0.154,0.958
19.728468894958496,0.282,0.889,-0.127,0.941
19.738306999206543,0.293,0.881,-0.102,0.934
19.773637056350708,0.372,0.942,-0.066,1.015
19.77377700805664,0.372,0.942,-0.066,1.015
19.773890018463135,0.372,0.942,-0.066,1.015
19.777602195739746,0.419,0.993,-0.06,1.079
19.787978172302246,0.443,1.069,-0.053,1.158
19.79810905456543,0.433,1.085,-0.048,1.169
19.808290004730225,0.417,1.062,-0.031,1.141
19.817909002304077,0.387,0.989,0.003,1.062
19.82878804206848,0.352,0.926,0.041,0.991
19.83880615234375,0.329,0.917,0.077,0.977
19.85034704208374,0.325,0.969,0.035,1.023
19.874933004379272,0.266,0.887,0.011,0.926
19.87506604194641,0.266,0.887,0.011,0.926
19.87795901298523,0.252,0.87,0.014,0.906
19.890378952026367,0.242,0.864,0.01,0.897
19.898305892944336,0.235,0.868,-0.01,0.899
19.90845799446106,0.227,0.876,-0.036,0.906
19.918435096740723,0.224,0.888,-0.058,0.918
19.92893695831299,0.225,0.902,-0.078,0.933
19.93909001350403,0.231,0.912,-0.086,0.945
19.97305917739868,0.255,0.963,-0.056,0.998
19.97319507598877,0.255,0.963,-0.056,0.998
19.973307132720947,0.255,0.963,-0.056,0.998
19.978268146514893,0.24,0.939,-0.086,0.973
19.988494873046875,0.232,0.871,-0.157,0.915
19.9986891746521,0.269,0.982,-0.148,1.029
20.00885820388794,0.288,1.023,-0.08,1.066
20.018675088882446,0.294,1.041,-0.04,1.082
20.02949619293213,0.29,1.044,0.002,1.084
20.039280891418457,0.291,1.037,0.011,1.077
20.07536506652832,0.328,0.997,0.121,1.057
20.075500011444092,0.328,0.997,0.121,1.057
20.07561492919922,0.328,0.997,0.121,1.057
20.07857608795166,0.328,0.939,0.134,1.004
20.08896493911743,0.326,0.9,0.114,0.964
20.09906005859375,0.332,0.889,0.046,0.95
20.10919713973999,0.349,0.885,-0.057,0.953
20.11982798576355,0.378,0.871,-0.176,0.966
20.129499912261963,0.427,0.85,-0.286,0.993
20.139613151550293,0.479,0.84,-0.385,1.041
20.178189039230347,0.49,0.906,-0.227,1.055
20.17832899093628,0.49,0.906,-0.227,1.055
20.178473949432373,0.49,0.906,-0.227,1.055
20.179492950439453,0.457,0.968,-0.074,1.073
20.18948006629944,0.415,1.058,0.124,1.143
20.199417114257812,0.372,1.103,0.231,1.187
20.20954418182373,0.344,1.045,0.184,1.115
20.21985387802124,0.334,0.982,0.128,1.045
20.230186939239502,0.346,0.969,0.1,1.034
20.240478992462158,0.334,0.977,0.136,1.041
20.27632999420166,0.363,0.942,-0.099,1.014
20.27646493911743,0.363,0.942,-0.099,1.014
20.276576042175293,0.363,0.942,-0.099,1.014
20.279469966888428,0.435,0.894,-0.048,0.995
20.289710998535156,0.464,0.895,0.008,1.008
20.29976987838745,0.405,0.941,-0.045,1.025
20.309911012649536,0.311,0.956,-0.171,1.02
20.32015299797058,0.227,0.945,-0.263,1.007
20.330560207366943,0.201,0.944,-0.199,0.985
20.340425968170166,0.162,0.919,-0.05,0.935
20.374993085861206,0.141,1.148,0.041,1.157
20.37513303756714,0.141,1.148,0.041,1.157
20.375243186950684,0.141,1.148,0.041,1.157
20.379767894744873,0.186,1.135,0.006,1.15
20.390256881713867,0.267,1.13,-0.013,1.161
20.400211095809937,0.38,1.155,-0.009,1.216
20.41027307510376,0.469,1.071,-0.032,1.17
20.420310020446777,0.552,0.94,-0.129,1.098
20.43089509010315,0.571,0.871,-0.149,1.052
20.440802097320557,0.538,0.903,-0.101,1.056
20.477458000183105,0.264,1.226,-0.122,1.26
20.47759509086609,0.264,1.226,-0.122,1.26
20.47770595550537,0.264,1.226,-0.122,1.26
20.480181217193604,0.165,1.321,-0.142,1.339
20.490577220916748,0.097,1.336,-0.144,1.347
20.500557899475098,0.07,1.392,-0.109,1.398
20.510634899139404,0.053,1.477,-0.084,1.48
20.5206298828125,0.046,1.467,-0.109,1.472
20.531588077545166,0.103,1.397,-0.033,1.401
20.541326999664307,0.162,1.276,-0.03,1.287
20.577442169189453,0.232,1.283,-0.004,1.304
20.57757806777954,0.232,1.283,-0.004,1.304
20.577691078186035,0.232,1.283,-0.004,1.304
20.580777168273926,0.202,1.277,-0.039,1.293
20.59095811843872,0.205,1.313,-0.06,1.33
20.60084104537964,0.194,1.301,-0.064,1.317
20.610902070999146,0.242,1.36,-0.088,1.384
20.621088981628418,0.263,1.392,-0.155,1.425
20.6318039894104,0.316,1.305,-0.267,1.369
20.641515016555786,0.38,1.222,-0.272,1.308
20.67627191543579,0.684,1.072,-0.285,1.303
20.676408052444458,0.684,1.072,-0.285,1.303
20.676517963409424,0.684,1.072,-0.285,1.303
20.681127071380615,0.844,0.918,-0.319,1.287
20.69114112854004,0.945,0.783,-0.335,1.272
20.701241970062256,0.986,0.747,-0.375,1.293
20.711305141448975,0.997,0.789,-0.465,1.354
20.72140407562256,0.993,0.819,-0.57,1.408
20.73202896118164,1.01,0.796,-0.622,1.428
20.741957187652588,1.066,0.72,-0.568,1.406
20.778808116912842,1.219,0.393,-0.438,1.354
20.77894401550293,1.219,0.393,-0.438,1.354
20.779054164886475,1.219,0.393,-0.438,1.354
20.781347036361694,1.212,0.317,-0.485,1.343
20.792093992233276,1.19,0.254,-0.522,1.324
20.801688194274902,1.17,0.188,-0.533,1.299
20.811662197113037,1.136,0.153,-0.55,1.271
20.82204818725586,1.122,0.176,-0.602,1.285
20.832279205322266,1.133,0.204,-0.674,1.334
20.842392921447754,1.045,0.215,-0.768,1.315
20.877038955688477,0.794,0.479,-1.051,1.402
20.877175092697144,0.794,0.479,-1.051,1.402
20.87728500366211,0.794,0.479,-1.051,1.402
20.881622076034546,0.737,0.533,-1.034,1.377
20.892287015914917,0.656,0.569,-0.941,1.28
20.902077198028564,0.56,0.61,-0.782,1.139
20.912095069885254,0.462,0.611,-0.628,0.991
20.92213010787964,0.388,0.559,-0.531,0.863
20.932926177978516,0.378,0.555,-0.436,0.801
20.942723989486694,0.341,0.535,-0.389,0.744
20.981303215026855,0.279,0.404,-0.384,0.623
20.98147487640381,0.279,0.404,-0.384,0.623
20.981586933135986,0.283,0.347,-0.357,0.573
20.982882976531982,0.283,0.347,-0.357,0.573
20.992741107940674,0.29,0.271,-0.341,0.523
21.00244402885437,0.276,0.183,-0.344,0.477
21.012393951416016,0.253,0.124,-0.337,0.439
21.023101091384888,0.219,0.103,-0.317,0.399
21.032471179962158,0.178,0.105,-0.273,0.342
21.0433189868927,0.131,0.085,-0.228,0.276
21.07841205596924,0.067,-0.046,-0.317,0.327
21.07854700088501,0.067,-0.046,-0.317,0.327
21.07865810394287,0.067,-0.046,-0.317,0.327
21.082446098327637,0.072,-0.098,-0.496,0.511
21.092945098876953,0.078,-0.099,-0.627,0.64
21.102808952331543,0.093,-0.052,-0.677,0.685
21.11268711090088,0.144,-0.039,-0.77,0.784
21.12351107597351,0.446,-0.068,-1.513,1.579
21.133073091506958,0.489,-0.169,-1.226,1.331
21.143406867980957,0.546,-0.153,-1.35,1.464
21.177935123443604,0.388,-0.267,-1.026,1.129
21.17807388305664,0.388,-0.267,-1.026,1.129
21.178189039230347,0.388,-0.267,-1.026,1.129
21.182820081710815,0.24,-0.292,-0.864,0.943
21.193243980407715,0.103,-0.308,-0.744,0.812
21.203144073486328,0.011,-0.327,-0.724,0.794
21.2130708694458,-0.018,-0.306,-0.794,0.851
21.223849058151245,-0.01,-0.257,-0.861,0.899
21.233511924743652,0.022,-0.208,-0.918,0.942
21.243799209594727,0.088,-0.2,-1.002,1.026
21.281909942626953,0.228,-0.337,-0.991,1.071
21.28208303451538,0.228,-0.337,-0.991,1.071
21.282197952270508,0.228,-0.337,-0.991,1.071
21.283485889434814,0.213,-0.355,-0.955,1.041
21.293365955352783,0.179,-0.362,-0.912,0.997
21.303964138031006,0.144,-0.358,-0.862,0.944
21.313575983047485,0.117,-0.359,-0.827,0.909
21.323765993118286,0.11,-0.366,-0.815,0.9
21.334003925323486,0.117,-0.384,-0.797,0.892
21.343849182128906,0.129,-0.413,-0.783,0.895
21.380357027053833,0.138,-0.411,-0.82,0.928
21.380494117736816,0.138,-0.411,-0.82,0.928
21.38060712814331,0.138,-0.411,-0.82,0.928
21.383452892303467,0.133,-0.399,-0.841,0.94
21.393889904022217,0.136,-0.385,-0.827,0.922
21.40404510498047,0.149,-0.386,-0.812,0.911
21.413843154907227,0.171,-0.422,-0.945,1.049
21.423991203308105,0.185,-0.454,-0.914,1.037
